line_id,date,total_revenue_egp,total_trips,total_passengers
Line1,2024-01-01,84642,274,7162
Line1,2024-01-02,279633,900,22883
Line1,2024-01-03,294004,933,24171
Line1,2024-01-04,295114,938,23551
Line1,2024-01-05,184918,596,14998
Line1,2024-01-06,175741,563,14188
Line1,2024-01-07,82797,265,6823
Line1,2024-01-08,287773,954,23390
Line1,2024-01-09,299799,926,24273
Line1,2024-01-10,313895,903,25676
Line1,2024-01-11,273697,893,21909
Line1,2024-01-12,166637,546,13303
Line1,2024-01-13,185911,573,15130
Line1,2024-01-14,166766,558,13690
Line1,2024-01-15,198851,671,16123
Line1,2024-01-16,223466,718,18408
Line1,2024-01-17,226555,684,18084
Line1,2024-01-18,217636,666,17242
Line1,2024-01-19,202869,639,16951
Line1,2024-01-20,201264,668,16746
Line1,2024-01-21,197291,639,16275
Line1,2024-01-22,211029,651,17361
Line1,2024-01-23,224197,688,18051
Line1,2024-01-24,211286,634,17333
Line1,2024-01-25,105657,283,8590
Line1,2024-01-26,207625,664,16553
Line1,2024-01-27,196978,684,16057
Line1,2024-01-28,220456,640,18038
Line1,2024-01-29,224079,694,18393
Line1,2024-01-30,208052,653,16882
Line1,2024-01-31,203379,638,16472
Line1,2024-02-01,205728,664,16878
Line1,2024-02-02,220092,712,18081
Line1,2024-02-03,205187,651,16837
Line1,2024-02-04,204919,610,16605
Line1,2024-02-05,182093,619,15106
Line1,2024-02-06,207340,623,16465
Line1,2024-02-07,196533,642,16565
Line1,2024-02-08,210227,691,17532
Line1,2024-02-09,201381,637,16512
Line1,2024-02-10,219097,695,18478
Line1,2024-02-11,162480,536,13436
Line1,2024-02-12,283908,902,23030
Line1,2024-02-13,302695,893,24474
Line1,2024-02-14,288562,914,23398
Line1,2024-02-15,295714,934,24255
Line1,2024-02-16,152769,524,12430
Line1,2024-02-17,177318,557,14184
Line1,2024-02-18,188796,586,14966
Line1,2024-02-19,312150,980,25376
Line1,2024-02-20,266953,901,22220
Line1,2024-02-21,284062,913,23712
Line1,2024-02-22,294063,951,24488
Line1,2024-02-23,184151,540,14443
Line1,2024-02-24,188966,541,15279
Line1,2024-02-25,216694,606,16912
Line1,2024-02-26,281973,933,23061
Line1,2024-02-27,282394,899,23011
Line1,2024-02-28,302043,921,24303
Line1,2024-02-29,283570,891,23331
Line1,2024-03-01,166447,538,13890
Line1,2024-03-02,176527,566,14511
Line1,2024-03-03,184121,593,14887
Line1,2024-03-04,295150,940,24254
Line1,2024-03-05,286303,970,23763
Line1,2024-03-06,285142,902,23393
Line1,2024-03-07,319965,958,25884
Line1,2024-03-08,179965,557,14396
Line1,2024-03-09,200868,581,16360
Line1,2024-03-10,196209,605,15869
Line1,2024-03-11,291909,959,24037
Line1,2024-03-12,278384,902,23205
Line1,2024-03-13,308462,938,24782
Line1,2024-03-14,288105,927,22974
Line1,2024-03-15,168505,564,14242
Line1,2024-03-16,181169,565,14970
Line1,2024-03-17,187159,589,15367
Line1,2024-03-18,301016,974,24736
Line1,2024-03-19,295815,949,24248
Line1,2024-03-20,270321,887,22321
Line1,2024-03-21,293883,916,23789
Line1,2024-03-22,184259,585,15099
Line1,2024-03-23,182881,552,15018
Line1,2024-03-24,170873,543,14056
Line1,2024-03-25,307275,949,25253
Line1,2024-03-26,307219,928,25186
Line1,2024-03-27,278400,883,22604
Line1,2024-03-28,296320,889,24349
Line1,2024-03-29,181621,542,14672
Line1,2024-03-30,178523,572,14575
Line1,2024-03-31,173494,548,14609
Line1,2024-04-01,264234,893,21698
Line1,2024-04-02,274345,885,22358
Line1,2024-04-03,304887,970,25305
Line1,2024-04-04,300498,961,24620
Line1,2024-04-05,174072,554,14165
Line1,2024-04-06,172902,568,13848
Line1,2024-04-07,192012,581,15852
Line1,2024-04-08,292787,938,23446
Line1,2024-04-09,88688,293,7368
Line1,2024-04-10,95044,276,7748
Line1,2024-04-11,95637,291,7548
Line1,2024-04-12,178201,564,14550
Line1,2024-04-13,190437,591,15313
Line1,2024-04-14,180533,533,14740
Line1,2024-04-15,305852,964,24712
Line1,2024-04-16,275771,916,22609
Line1,2024-04-17,309260,936,24689
Line1,2024-04-18,311064,970,25135
Line1,2024-04-19,173059,548,14336
Line1,2024-04-20,168926,545,13613
Line1,2024-04-21,172430,565,14474
Line1,2024-04-22,280150,920,22595
Line1,2024-04-23,313099,982,25561
Line1,2024-04-24,296415,948,23904
Line1,2024-04-25,83811,255,6858
Line1,2024-04-26,182635,562,15067
Line1,2024-04-27,178502,563,14632
Line1,2024-04-28,161732,535,12829
Line1,2024-04-29,329550,923,25843
Line1,2024-04-30,295878,910,24002
Line1,2024-05-01,81312,272,6733
Line1,2024-05-02,290498,936,23824
Line1,2024-05-03,177634,575,14462
Line1,2024-05-04,167773,551,14050
Line1,2024-05-05,94683,276,7704
Line1,2024-05-06,94118,276,7408
Line1,2024-05-07,327093,957,26398
Line1,2024-05-08,287164,911,23949
Line1,2024-05-09,309717,985,25247
Line1,2024-05-10,184224,535,14392
Line1,2024-05-11,178038,540,14180
Line1,2024-05-12,195675,576,15413
Line1,2024-05-13,304275,976,25224
Line1,2024-05-14,291169,921,23478
Line1,2024-05-15,284750,955,23623
Line1,2024-05-16,291958,949,24144
Line1,2024-05-17,168322,585,13785
Line1,2024-05-18,178923,542,14527
Line1,2024-05-19,161526,517,13414
Line1,2024-05-20,311422,934,25650
Line1,2024-05-21,292488,944,24401
Line1,2024-05-22,315997,966,25429
Line1,2024-05-23,272325,885,22302
Line1,2024-05-24,171120,567,14065
Line1,2024-05-25,191342,550,15815
Line1,2024-05-26,178612,585,14373
Line1,2024-05-27,286426,922,23404
Line1,2024-05-28,291441,906,23381
Line1,2024-05-29,297637,929,23893
Line1,2024-05-30,293909,931,23765
Line1,2024-05-31,178339,555,14821
Line1,2024-06-01,220030,653,17759
Line1,2024-06-02,222676,687,18265
Line1,2024-06-03,209847,630,16656
Line1,2024-06-04,180823,637,15032
Line1,2024-06-05,206616,695,17168
Line1,2024-06-06,195203,595,15716
Line1,2024-06-07,222573,660,17850
Line1,2024-06-08,185900,663,15140
Line1,2024-06-09,218201,678,17784
Line1,2024-06-10,196194,646,16054
Line1,2024-06-11,180757,615,14832
Line1,2024-06-12,202999,671,16921
Line1,2024-06-13,205694,658,16952
Line1,2024-06-14,208214,643,17449
Line1,2024-06-15,87727,287,7235
Line1,2024-06-16,77084,262,6220
Line1,2024-06-17,99590,297,8080
Line1,2024-06-18,92104,271,7799
Line1,2024-06-19,93505,258,7264
Line1,2024-06-20,236163,667,19203
Line1,2024-06-21,213127,641,17440
Line1,2024-06-22,212872,711,17159
Line1,2024-06-23,206805,641,16921
Line1,2024-06-24,185446,628,15721
Line1,2024-06-25,211455,671,16805
Line1,2024-06-26,214178,642,17528
Line1,2024-06-27,205842,659,16654
Line1,2024-06-28,206377,660,17063
Line1,2024-06-29,206111,646,16691
Line1,2024-06-30,180504,606,14616
Line1,2024-07-01,198521,632,16192
Line1,2024-07-02,225633,681,18101
Line1,2024-07-03,197410,633,16267
Line1,2024-07-04,197721,633,16676
Line1,2024-07-05,199427,653,16280
Line1,2024-07-06,206819,622,16992
Line1,2024-07-07,74975,265,6088
Line1,2024-07-08,209303,623,17008
Line1,2024-07-09,209591,647,16971
Line1,2024-07-10,204118,646,16408
Line1,2024-07-11,200627,675,16631
Line1,2024-07-12,203162,652,16442
Line1,2024-07-13,190449,615,15671
Line1,2024-07-14,196753,625,16169
Line1,2024-07-15,212063,664,17115
Line1,2024-07-16,207363,624,16844
Line1,2024-07-17,223943,695,18322
Line1,2024-07-18,220920,669,18043
Line1,2024-07-19,184951,647,15474
Line1,2024-07-20,212012,664,17327
Line1,2024-07-21,244928,729,19806
Line1,2024-07-22,206599,672,16887
Line1,2024-07-23,89236,278,7303
Line1,2024-07-24,205253,651,16582
Line1,2024-07-25,221375,682,18257
Line1,2024-07-26,216195,669,17857
Line1,2024-07-27,214752,651,17426
Line1,2024-07-28,181692,622,15137
Line1,2024-07-29,212973,634,17741
Line1,2024-07-30,225861,669,18538
Line1,2024-07-31,208973,641,16952
Line1,2024-08-01,213929,669,17336
Line1,2024-08-02,221415,654,17941
Line1,2024-08-03,209046,643,16874
Line1,2024-08-04,201622,628,16297
Line1,2024-08-05,219349,693,17783
Line1,2024-08-06,189144,694,15478
Line1,2024-08-07,212246,674,17367
Line1,2024-08-08,204887,639,16629
Line1,2024-08-09,230568,711,18711
Line1,2024-08-10,186318,607,15422
Line1,2024-08-11,191128,614,15532
Line1,2024-08-12,190719,632,15691
Line1,2024-08-13,202339,609,16426
Line1,2024-08-14,223302,722,18190
Line1,2024-08-15,218255,674,17938
Line1,2024-08-16,180433,627,14758
Line1,2024-08-17,200620,619,16404
Line1,2024-08-18,200425,662,16079
Line1,2024-08-19,190357,652,16268
Line1,2024-08-20,218472,665,17940
Line1,2024-08-21,201779,660,16287
Line1,2024-08-22,217664,624,17137
Line1,2024-08-23,214192,679,17582
Line1,2024-08-24,200488,633,16282
Line1,2024-08-25,205487,664,16970
Line1,2024-08-26,213786,660,17439
Line1,2024-08-27,207245,682,16761
Line1,2024-08-28,202340,643,16929
Line1,2024-08-29,176505,602,14439
Line1,2024-08-30,179105,623,14614
Line1,2024-08-31,215776,712,17586
Line1,2024-09-01,202781,664,16606
Line1,2024-09-02,195990,603,15526
Line1,2024-09-03,217639,610,17688
Line1,2024-09-04,201896,636,16708
Line1,2024-09-05,178999,595,14760
Line1,2024-09-06,199313,631,16025
Line1,2024-09-07,204941,616,16584
Line1,2024-09-08,213193,673,17383
Line1,2024-09-09,223135,676,18399
Line1,2024-09-10,198922,658,16547
Line1,2024-09-11,223458,621,17785
Line1,2024-09-12,218895,659,17520
Line1,2024-09-13,211628,605,17415
Line1,2024-09-14,204275,665,16811
Line1,2024-09-15,85786,276,7050
Line1,2024-09-16,297490,914,24463
Line1,2024-09-17,283848,945,23537
Line1,2024-09-18,327665,969,26236
Line1,2024-09-19,323566,970,25963
Line1,2024-09-20,152318,549,12523
Line1,2024-09-21,179936,557,14800
Line1,2024-09-22,173633,560,14028
Line1,2024-09-23,308710,928,24831
Line1,2024-09-24,306329,969,24809
Line1,2024-09-25,307642,943,25550
Line1,2024-09-26,302622,952,24970
Line1,2024-09-27,175446,553,14392
Line1,2024-09-28,176066,573,14544
Line1,2024-09-29,166471,539,13209
Line1,2024-09-30,270915,874,22427
Line1,2024-10-01,291653,945,24274
Line1,2024-10-02,303961,929,24653
Line1,2024-10-03,307528,898,24929
Line1,2024-10-04,168725,543,13567
Line1,2024-10-05,182089,568,14618
Line1,2024-10-06,171268,565,14297
Line1,2024-10-07,304556,942,25079
Line1,2024-10-08,277911,902,23437
Line1,2024-10-09,294729,938,24217
Line1,2024-10-10,295618,959,24058
Line1,2024-10-11,165624,527,13664
Line1,2024-10-12,164515,533,13688
Line1,2024-10-13,179306,573,14529
Line1,2024-10-14,304893,984,25155
Line1,2024-10-15,317916,962,25967
Line1,2024-10-16,294925,942,23760
Line1,2024-10-17,284445,882,23157
Line1,2024-10-18,180011,553,14531
Line1,2024-10-19,192986,575,15385
Line1,2024-10-20,179007,514,14759
Line1,2024-10-21,312715,940,25766
Line1,2024-10-22,299630,964,24316
Line1,2024-10-23,276542,905,22479
Line1,2024-10-24,304671,920,24716
Line1,2024-10-25,192877,588,15499
Line1,2024-10-26,167144,558,13682
Line1,2024-10-27,169881,511,13968
Line1,2024-10-28,289285,939,23595
Line1,2024-10-29,305595,960,24950
Line1,2024-10-30,294485,918,24050
Line1,2024-10-31,273859,883,22530
Line1,2024-11-01,203277,613,16344
Line1,2024-11-02,172275,548,13791
Line1,2024-11-03,166380,555,13428
Line1,2024-11-04,303818,979,25083
Line1,2024-11-05,300346,954,24555
Line1,2024-11-06,298304,994,24302
Line1,2024-11-07,320889,949,26134
Line1,2024-11-08,184279,580,15140
Line1,2024-11-09,152325,509,12658
Line1,2024-11-10,186501,576,14810
Line1,2024-11-11,302781,1005,24771
Line1,2024-11-12,298312,915,24178
Line1,2024-11-13,288345,868,23125
Line1,2024-11-14,275548,883,22892
Line1,2024-11-15,171507,566,13821
Line1,2024-11-16,175976,546,14800
Line1,2024-11-17,157308,535,12872
Line1,2024-11-18,270384,923,22088
Line1,2024-11-19,298336,961,24655
Line1,2024-11-20,320465,969,26047
Line1,2024-11-21,282448,925,22928
Line1,2024-11-22,165555,551,13538
Line1,2024-11-23,178692,555,14517
Line1,2024-11-24,185707,548,15270
Line1,2024-11-25,298633,948,25129
Line1,2024-11-26,312680,942,25626
Line1,2024-11-27,295879,951,23972
Line1,2024-11-28,280514,895,22920
Line1,2024-11-29,157472,544,13167
Line1,2024-11-30,174482,598,14335
Line1,2024-12-01,185751,547,15528
Line1,2024-12-02,296234,954,24417
Line1,2024-12-03,310955,963,25842
Line1,2024-12-04,304152,964,24908
Line1,2024-12-05,299175,959,24189
Line1,2024-12-06,184992,573,14835
Line1,2024-12-07,196455,582,15784
Line1,2024-12-08,178326,530,14582
Line1,2024-12-09,285102,954,23289
Line1,2024-12-10,327611,984,26087
Line1,2024-12-11,288102,901,24158
Line1,2024-12-12,278745,920,23106
Line1,2024-12-13,160734,539,13267
Line1,2024-12-14,176388,573,14214
Line1,2024-12-15,168184,546,13575
Line1,2024-12-16,302158,893,24559
Line1,2024-12-17,287134,954,23965
Line1,2024-12-18,311723,947,25469
Line1,2024-12-19,292104,940,23475
Line1,2024-12-20,181193,579,14999
Line1,2024-12-21,169121,549,14301
Line1,2024-12-22,183975,544,14920
Line1,2024-12-23,321462,948,25759
Line1,2024-12-24,276051,918,22665
Line1,2024-12-25,309177,966,24893
Line1,2024-12-26,279962,953,22797
Line1,2024-12-27,184865,615,15072
Line1,2024-12-28,182879,564,14878
Line1,2024-12-29,171443,541,14473
Line1,2024-12-30,278884,925,22899
Line1,2024-12-31,281158,933,23657
Line2,2024-01-01,86679,263,7362
Line2,2024-01-02,259621,792,21228
Line2,2024-01-03,274971,825,22655
Line2,2024-01-04,251192,807,20577
Line2,2024-01-05,177794,526,14343
Line2,2024-01-06,158457,526,12874
Line2,2024-01-07,75865,229,6027
Line2,2024-01-08,241363,790,19564
Line2,2024-01-09,250711,810,20058
Line2,2024-01-10,250702,800,20291
Line2,2024-01-11,270775,848,21751
Line2,2024-01-12,164543,503,13825
Line2,2024-01-13,168271,505,13681
Line2,2024-01-14,175936,518,14212
Line2,2024-01-15,190349,559,15584
Line2,2024-01-16,161283,512,13018
Line2,2024-01-17,199028,592,16001
Line2,2024-01-18,180658,572,14681
Line2,2024-01-19,179950,554,14497
Line2,2024-01-20,147336,512,12184
Line2,2024-01-21,198033,579,15735
Line2,2024-01-22,194522,587,15600
Line2,2024-01-23,165073,562,13425
Line2,2024-01-24,167796,530,13755
Line2,2024-01-25,75130,257,6037
Line2,2024-01-26,194616,579,16168
Line2,2024-01-27,193524,559,15220
Line2,2024-01-28,186561,565,15194
Line2,2024-01-29,194282,595,15910
Line2,2024-01-30,185030,585,15215
Line2,2024-01-31,182731,568,14778
Line2,2024-02-01,172162,554,14069
Line2,2024-02-02,181201,549,14599
Line2,2024-02-03,166387,573,13650
Line2,2024-02-04,179336,579,14625
Line2,2024-02-05,175981,577,14671
Line2,2024-02-06,185681,575,14937
Line2,2024-02-07,196994,616,16144
Line2,2024-02-08,179200,564,14416
Line2,2024-02-09,161800,550,12932
Line2,2024-02-10,194912,589,15900
Line2,2024-02-11,128314,466,10549
Line2,2024-02-12,251979,772,20290
Line2,2024-02-13,264856,786,21465
Line2,2024-02-14,241255,826,19785
Line2,2024-02-15,267854,822,21842
Line2,2024-02-16,176024,518,14442
Line2,2024-02-17,171506,502,13694
Line2,2024-02-18,148244,443,11923
Line2,2024-02-19,282813,895,23448
Line2,2024-02-20,289670,860,23781
Line2,2024-02-21,285598,868,22983
Line2,2024-02-22,274612,842,22405
Line2,2024-02-23,177213,534,14494
Line2,2024-02-24,161431,524,12989
Line2,2024-02-25,161778,485,13358
Line2,2024-02-26,254022,822,20631
Line2,2024-02-27,262204,806,21072
Line2,2024-02-28,279150,824,22481
Line2,2024-02-29,265563,831,21737
Line2,2024-03-01,164398,510,13295
Line2,2024-03-02,160224,501,12882
Line2,2024-03-03,163847,484,13608
Line2,2024-03-04,281508,859,22638
Line2,2024-03-05,242254,804,19804
Line2,2024-03-06,255033,801,20686
Line2,2024-03-07,277961,828,22555
Line2,2024-03-08,172478,506,14135
Line2,2024-03-09,149999,492,12476
Line2,2024-03-10,174891,516,14170
Line2,2024-03-11,276484,850,22461
Line2,2024-03-12,262428,838,21434
Line2,2024-03-13,252039,801,20374
Line2,2024-03-14,257707,799,20409
Line2,2024-03-15,149626,479,12218
Line2,2024-03-16,150951,476,12361
Line2,2024-03-17,144056,463,11432
Line2,2024-03-18,252774,769,20333
Line2,2024-03-19,260675,808,21455
Line2,2024-03-20,245347,837,19891
Line2,2024-03-21,258764,837,20534
Line2,2024-03-22,141577,481,11723
Line2,2024-03-23,149207,451,12014
Line2,2024-03-24,156621,496,12717
Line2,2024-03-25,263924,798,21220
Line2,2024-03-26,240865,758,19279
Line2,2024-03-27,255287,789,20818
Line2,2024-03-28,275421,845,22395
Line2,2024-03-29,155559,519,12596
Line2,2024-03-30,162846,470,13112
Line2,2024-03-31,151587,478,12307
Line2,2024-04-01,277828,830,22233
Line2,2024-04-02,291630,857,23468
Line2,2024-04-03,263026,758,21259
Line2,2024-04-04,288479,858,23332
Line2,2024-04-05,157112,484,12691
Line2,2024-04-06,158238,457,13331
Line2,2024-04-07,154530,506,12277
Line2,2024-04-08,242873,773,19781
Line2,2024-04-09,81252,244,6813
Line2,2024-04-10,71913,248,5979
Line2,2024-04-11,78544,245,6236
Line2,2024-04-12,163877,504,13253
Line2,2024-04-13,155354,482,12470
Line2,2024-04-14,159167,484,12836
Line2,2024-04-15,259333,834,20980
Line2,2024-04-16,269061,820,21269
Line2,2024-04-17,279321,870,23116
Line2,2024-04-18,293841,883,23403
Line2,2024-04-19,162297,465,12853
Line2,2024-04-20,155511,493,12687
Line2,2024-04-21,163849,497,13215
Line2,2024-04-22,271369,824,21995
Line2,2024-04-23,259063,767,21183
Line2,2024-04-24,248682,798,20022
Line2,2024-04-25,87987,246,7210
Line2,2024-04-26,169600,507,13340
Line2,2024-04-27,145274,460,11132
Line2,2024-04-28,185507,544,15213
Line2,2024-04-29,269465,812,21793
Line2,2024-04-30,275987,860,21781
Line2,2024-05-01,88370,254,7063
Line2,2024-05-02,280013,859,22991
Line2,2024-05-03,149428,462,11997
Line2,2024-05-04,151716,502,12719
Line2,2024-05-05,76574,250,6243
Line2,2024-05-06,75874,261,6449
Line2,2024-05-07,259974,807,20430
Line2,2024-05-08,260702,812,21354
Line2,2024-05-09,254339,824,20595
Line2,2024-05-10,169535,509,13890
Line2,2024-05-11,141337,452,11390
Line2,2024-05-12,170500,507,13621
Line2,2024-05-13,268580,813,21805
Line2,2024-05-14,255299,752,20365
Line2,2024-05-15,277588,852,22608
Line2,2024-05-16,268287,791,21669
Line2,2024-05-17,147390,481,12125
Line2,2024-05-18,161761,467,13301
Line2,2024-05-19,173372,504,14171
Line2,2024-05-20,248698,792,20571
Line2,2024-05-21,251052,798,20170
Line2,2024-05-22,275471,830,22467
Line2,2024-05-23,254902,756,20428
Line2,2024-05-24,168423,487,13305
Line2,2024-05-25,142743,483,11647
Line2,2024-05-26,156352,483,12647
Line2,2024-05-27,275449,837,22288
Line2,2024-05-28,265019,803,21295
Line2,2024-05-29,257802,794,20775
Line2,2024-05-30,254727,801,20733
Line2,2024-05-31,176253,496,13875
Line2,2024-06-01,179155,555,14517
Line2,2024-06-02,164314,546,13609
Line2,2024-06-03,169621,545,13924
Line2,2024-06-04,187663,621,15388
Line2,2024-06-05,179526,527,14162
Line2,2024-06-06,168325,570,13665
Line2,2024-06-07,187132,626,15239
Line2,2024-06-08,206771,628,16992
Line2,2024-06-09,171975,532,13907
Line2,2024-06-10,161922,551,12960
Line2,2024-06-11,189446,569,15468
Line2,2024-06-12,182814,599,15032
Line2,2024-06-13,183692,612,14932
Line2,2024-06-14,190171,564,15231
Line2,2024-06-15,79309,254,6192
Line2,2024-06-16,73498,226,5890
Line2,2024-06-17,91773,270,7336
Line2,2024-06-18,77150,244,6302
Line2,2024-06-19,83591,234,6498
Line2,2024-06-20,186842,570,14961
Line2,2024-06-21,189330,580,15148
Line2,2024-06-22,184963,567,14895
Line2,2024-06-23,167145,526,13447
Line2,2024-06-24,184120,572,14971
Line2,2024-06-25,201198,624,16320
Line2,2024-06-26,181694,583,15124
Line2,2024-06-27,170442,572,14050
Line2,2024-06-28,174645,574,14483
Line2,2024-06-29,180286,533,14844
Line2,2024-06-30,186681,563,15309
Line2,2024-07-01,194013,601,16014
Line2,2024-07-02,185989,564,15334
Line2,2024-07-03,192317,554,15347
Line2,2024-07-04,171904,570,13684
Line2,2024-07-05,198500,597,15814
Line2,2024-07-06,173655,579,14467
Line2,2024-07-07,76416,238,6017
Line2,2024-07-08,177043,590,14684
Line2,2024-07-09,197048,585,16185
Line2,2024-07-10,204326,604,16828
Line2,2024-07-11,190349,573,15062
Line2,2024-07-12,175980,561,14045
Line2,2024-07-13,179135,561,14683
Line2,2024-07-14,169394,528,13803
Line2,2024-07-15,184192,567,14671
Line2,2024-07-16,170136,546,13460
Line2,2024-07-17,169990,549,13806
Line2,2024-07-18,193764,582,15565
Line2,2024-07-19,172706,571,14634
Line2,2024-07-20,174752,567,13985
Line2,2024-07-21,157835,509,13337
Line2,2024-07-22,176887,536,14673
Line2,2024-07-23,84028,273,6609
Line2,2024-07-24,185432,568,14780
Line2,2024-07-25,189523,602,15260
Line2,2024-07-26,174175,534,14080
Line2,2024-07-27,196497,577,15699
Line2,2024-07-28,191951,580,15202
Line2,2024-07-29,180966,558,14604
Line2,2024-07-30,165803,582,13614
Line2,2024-07-31,188129,559,15113
Line2,2024-08-01,188720,561,14952
Line2,2024-08-02,164081,547,13193
Line2,2024-08-03,169312,565,14125
Line2,2024-08-04,190401,595,15143
Line2,2024-08-05,182140,574,14784
Line2,2024-08-06,186458,609,15445
Line2,2024-08-07,181906,554,14542
Line2,2024-08-08,166999,549,13543
Line2,2024-08-09,181858,582,14798
Line2,2024-08-10,204428,614,16355
Line2,2024-08-11,183804,594,15352
Line2,2024-08-12,177689,569,13735
Line2,2024-08-13,189774,593,15599
Line2,2024-08-14,210335,578,16895
Line2,2024-08-15,178020,603,14753
Line2,2024-08-16,191079,588,15540
Line2,2024-08-17,161835,517,12954
Line2,2024-08-18,161399,548,13763
Line2,2024-08-19,167927,533,13482
Line2,2024-08-20,188923,607,15488
Line2,2024-08-21,196520,629,15980
Line2,2024-08-22,198672,591,16178
Line2,2024-08-23,179498,551,14658
Line2,2024-08-24,201851,641,16142
Line2,2024-08-25,154535,533,12364
Line2,2024-08-26,195371,605,16200
Line2,2024-08-27,190025,566,15468
Line2,2024-08-28,170620,556,13781
Line2,2024-08-29,173936,554,14298
Line2,2024-08-30,179483,581,14714
Line2,2024-08-31,185288,573,15108
Line2,2024-09-01,166749,562,13829
Line2,2024-09-02,164276,531,13395
Line2,2024-09-03,175506,578,14222
Line2,2024-09-04,176995,563,14303
Line2,2024-09-05,211211,607,16964
Line2,2024-09-06,179225,579,14638
Line2,2024-09-07,161494,561,13129
Line2,2024-09-08,180307,576,14648
Line2,2024-09-09,197521,607,15675
Line2,2024-09-10,171291,539,13924
Line2,2024-09-11,195692,602,15380
Line2,2024-09-12,192691,574,15754
Line2,2024-09-13,189412,568,15027
Line2,2024-09-14,169809,561,13786
Line2,2024-09-15,85388,262,6958
Line2,2024-09-16,247367,813,19904
Line2,2024-09-17,279055,838,22552
Line2,2024-09-18,263005,827,21159
Line2,2024-09-19,281958,870,23237
Line2,2024-09-20,176084,521,13810
Line2,2024-09-21,157939,504,12837
Line2,2024-09-22,153435,473,12781
Line2,2024-09-23,272050,850,21652
Line2,2024-09-24,226002,781,18543
Line2,2024-09-25,261840,771,20863
Line2,2024-09-26,261909,840,21389
Line2,2024-09-27,150160,484,12047
Line2,2024-09-28,166737,497,13415
Line2,2024-09-29,155442,490,12748
Line2,2024-09-30,256080,804,20683
Line2,2024-10-01,262041,794,20939
Line2,2024-10-02,279343,868,23199
Line2,2024-10-03,255644,795,20843
Line2,2024-10-04,162567,495,13068
Line2,2024-10-05,157028,506,13090
Line2,2024-10-06,143566,457,11695
Line2,2024-10-07,284379,830,22536
Line2,2024-10-08,255030,820,20453
Line2,2024-10-09,270772,848,22289
Line2,2024-10-10,236145,758,19370
Line2,2024-10-11,163479,523,13176
Line2,2024-10-12,179014,509,14005
Line2,2024-10-13,161000,487,12895
Line2,2024-10-14,251045,828,20764
Line2,2024-10-15,243134,789,19907
Line2,2024-10-16,239244,792,19486
Line2,2024-10-17,280612,839,22271
Line2,2024-10-18,165996,507,13123
Line2,2024-10-19,154596,475,12202
Line2,2024-10-20,177967,529,14259
Line2,2024-10-21,277606,823,22501
Line2,2024-10-22,255938,809,20482
Line2,2024-10-23,266095,814,21572
Line2,2024-10-24,241984,820,20062
Line2,2024-10-25,162320,498,13232
Line2,2024-10-26,153999,481,12408
Line2,2024-10-27,133364,444,10970
Line2,2024-10-28,284494,821,23130
Line2,2024-10-29,244436,803,20004
Line2,2024-10-30,249399,790,20528
Line2,2024-10-31,268140,807,21987
Line2,2024-11-01,164885,535,13348
Line2,2024-11-02,138085,487,11067
Line2,2024-11-03,161663,511,12644
Line2,2024-11-04,284650,849,22968
Line2,2024-11-05,229975,813,18644
Line2,2024-11-06,259322,765,20710
Line2,2024-11-07,277442,870,22766
Line2,2024-11-08,172968,482,13431
Line2,2024-11-09,147305,469,11818
Line2,2024-11-10,157474,473,13228
Line2,2024-11-11,257706,829,21073
Line2,2024-11-12,259766,802,21328
Line2,2024-11-13,261839,795,20653
Line2,2024-11-14,261277,832,21510
Line2,2024-11-15,171754,512,14345
Line2,2024-11-16,162220,476,12733
Line2,2024-11-17,161543,504,13208
Line2,2024-11-18,259698,817,21260
Line2,2024-11-19,236795,807,19772
Line2,2024-11-20,272911,867,22541
Line2,2024-11-21,253372,817,20824
Line2,2024-11-22,147596,480,11936
Line2,2024-11-23,149378,458,11941
Line2,2024-11-24,148512,465,11850
Line2,2024-11-25,230111,781,18629
Line2,2024-11-26,272914,798,21723
Line2,2024-11-27,261619,839,21289
Line2,2024-11-28,256720,820,20822
Line2,2024-11-29,147126,491,11652
Line2,2024-11-30,185756,538,14917
Line2,2024-12-01,159942,493,12969
Line2,2024-12-02,250319,800,20430
Line2,2024-12-03,297381,894,23625
Line2,2024-12-04,259908,824,21418
Line2,2024-12-05,255872,815,21137
Line2,2024-12-06,152430,519,12299
Line2,2024-12-07,149549,454,12079
Line2,2024-12-08,145963,457,11501
Line2,2024-12-09,236627,797,19652
Line2,2024-12-10,261244,836,20887
Line2,2024-12-11,269861,853,22248
Line2,2024-12-12,269572,852,22072
Line2,2024-12-13,178207,521,14177
Line2,2024-12-14,174972,506,13719
Line2,2024-12-15,165034,510,13752
Line2,2024-12-16,249072,789,20050
Line2,2024-12-17,269391,845,22163
Line2,2024-12-18,249657,817,20509
Line2,2024-12-19,299133,829,24032
Line2,2024-12-20,143889,485,11964
Line2,2024-12-21,163965,503,13108
Line2,2024-12-22,176788,509,14146
Line2,2024-12-23,235344,781,19402
Line2,2024-12-24,294153,868,23160
Line2,2024-12-25,244926,830,20425
Line2,2024-12-26,264538,822,21135
Line2,2024-12-27,154898,493,12311
Line2,2024-12-28,133867,467,10938
Line2,2024-12-29,169524,505,13935
Line2,2024-12-30,273988,842,22290
Line2,2024-12-31,249877,774,19909
Line3,2024-01-01,105994,312,8719
Line3,2024-01-02,324485,950,26509
Line3,2024-01-03,342736,988,28231
Line3,2024-01-04,299190,979,25371
Line3,2024-01-05,185334,609,15332
Line3,2024-01-06,191685,625,15649
Line3,2024-01-07,88241,294,7296
Line3,2024-01-08,305180,998,25050
Line3,2024-01-09,327020,1006,27079
Line3,2024-01-10,342703,1050,27843
Line3,2024-01-11,330748,1003,27102
Line3,2024-01-12,206754,601,16601
Line3,2024-01-13,183394,599,14936
Line3,2024-01-14,183245,583,15135
Line3,2024-01-15,218147,678,17537
Line3,2024-01-16,224789,704,18409
Line3,2024-01-17,213258,678,17426
Line3,2024-01-18,213994,654,17552
Line3,2024-01-19,212600,677,17456
Line3,2024-01-20,214978,688,17648
Line3,2024-01-21,222412,705,18387
Line3,2024-01-22,220084,686,18026
Line3,2024-01-23,195571,664,15952
Line3,2024-01-24,200376,639,16238
Line3,2024-01-25,106137,335,8651
Line3,2024-01-26,192594,668,16088
Line3,2024-01-27,203689,649,16716
Line3,2024-01-28,226404,693,18411
Line3,2024-01-29,230066,717,18445
Line3,2024-01-30,237349,751,19376
Line3,2024-01-31,242632,724,20173
Line3,2024-02-01,206923,667,16898
Line3,2024-02-02,235515,698,19113
Line3,2024-02-03,214154,690,17564
Line3,2024-02-04,217577,722,17682
Line3,2024-02-05,205439,694,16653
Line3,2024-02-06,216135,694,17573
Line3,2024-02-07,228118,710,19008
Line3,2024-02-08,200166,652,16861
Line3,2024-02-09,231970,736,19246
Line3,2024-02-10,203618,673,16287
Line3,2024-02-11,183599,653,15471
Line3,2024-02-12,313129,996,26322
Line3,2024-02-13,316732,954,26107
Line3,2024-02-14,300030,944,24861
Line3,2024-02-15,354206,1041,28369
Line3,2024-02-16,178075,590,14531
Line3,2024-02-17,188203,586,15630
Line3,2024-02-18,182034,577,15093
Line3,2024-02-19,295608,970,24029
Line3,2024-02-20,331638,992,27118
Line3,2024-02-21,321732,986,25936
Line3,2024-02-22,288199,940,23829
Line3,2024-02-23,188317,583,15443
Line3,2024-02-24,187437,586,15570
Line3,2024-02-25,187737,582,15292
Line3,2024-02-26,308715,990,25354
Line3,2024-02-27,307878,984,25217
Line3,2024-02-28,339478,1010,27341
Line3,2024-02-29,308605,1000,25023
Line3,2024-03-01,180035,580,14576
Line3,2024-03-02,185056,574,15081
Line3,2024-03-03,152822,537,12915
Line3,2024-03-04,313076,955,25819
Line3,2024-03-05,301963,1005,24934
Line3,2024-03-06,323881,993,26241
Line3,2024-03-07,324282,999,26706
Line3,2024-03-08,226643,685,18616
Line3,2024-03-09,177691,572,14417
Line3,2024-03-10,200693,639,16359
Line3,2024-03-11,317562,961,25866
Line3,2024-03-12,341021,1060,27800
Line3,2024-03-13,298738,997,24619
Line3,2024-03-14,299502,974,24598
Line3,2024-03-15,174148,547,14183
Line3,2024-03-16,193309,593,15831
Line3,2024-03-17,180291,557,14739
Line3,2024-03-18,330980,986,26954
Line3,2024-03-19,322693,1004,26661
Line3,2024-03-20,310074,1011,25944
Line3,2024-03-21,309639,994,25546
Line3,2024-03-22,189348,603,15784
Line3,2024-03-23,201875,624,16274
Line3,2024-03-24,198787,610,16365
Line3,2024-03-25,323759,1008,26585
Line3,2024-03-26,311190,986,25209
Line3,2024-03-27,338540,1027,28141
Line3,2024-03-28,280840,970,22949
Line3,2024-03-29,162413,533,13050
Line3,2024-03-30,205789,630,16431
Line3,2024-03-31,185263,572,14814
Line3,2024-04-01,334531,1018,27311
Line3,2024-04-02,290271,969,23896
Line3,2024-04-03,289175,961,24088
Line3,2024-04-04,318737,983,26225
Line3,2024-04-05,190624,613,15642
Line3,2024-04-06,194265,579,15854
Line3,2024-04-07,203824,607,16427
Line3,2024-04-08,312742,975,26109
Line3,2024-04-09,93275,334,7812
Line3,2024-04-10,100452,323,8098
Line3,2024-04-11,100626,307,8339
Line3,2024-04-12,184312,611,15275
Line3,2024-04-13,186788,595,15067
Line3,2024-04-14,181634,593,14877
Line3,2024-04-15,274691,937,22812
Line3,2024-04-16,310720,1008,25579
Line3,2024-04-17,309311,992,25526
Line3,2024-04-18,329318,995,26773
Line3,2024-04-19,202263,580,16025
Line3,2024-04-20,192988,584,16231
Line3,2024-04-21,180646,578,14928
Line3,2024-04-22,296871,963,24419
Line3,2024-04-23,309354,991,26088
Line3,2024-04-24,291887,908,23583
Line3,2024-04-25,79436,264,6776
Line3,2024-04-26,193477,603,15553
Line3,2024-04-27,192967,620,16077
Line3,2024-04-28,189810,573,15185
Line3,2024-04-29,307697,959,25371
Line3,2024-04-30,288149,964,23597
Line3,2024-05-01,101110,305,8094
Line3,2024-05-02,298688,961,24489
Line3,2024-05-03,201578,610,16347
Line3,2024-05-04,186011,592,15179
Line3,2024-05-05,105806,325,8388
Line3,2024-05-06,89662,262,7390
Line3,2024-05-07,306831,971,25290
Line3,2024-05-08,304630,974,25428
Line3,2024-05-09,318823,992,26020
Line3,2024-05-10,191223,610,15661
Line3,2024-05-11,186753,611,15367
Line3,2024-05-12,198440,608,16412
Line3,2024-05-13,332776,1023,27093
Line3,2024-05-14,317832,956,25899
Line3,2024-05-15,325775,988,26761
Line3,2024-05-16,308511,963,25531
Line3,2024-05-17,199900,595,16293
Line3,2024-05-18,205104,625,16734
Line3,2024-05-19,197369,593,15642
Line3,2024-05-20,309440,964,25527
Line3,2024-05-21,306462,990,25504
Line3,2024-05-22,304337,927,24734
Line3,2024-05-23,309129,1022,25294
Line3,2024-05-24,209020,645,17048
Line3,2024-05-25,191126,605,15842
Line3,2024-05-26,171175,561,13689
Line3,2024-05-27,331277,1022,27484
Line3,2024-05-28,320316,975,25798
Line3,2024-05-29,301434,964,24994
Line3,2024-05-30,347941,1044,28328
Line3,2024-05-31,167995,569,13921
Line3,2024-06-01,188682,655,15995
Line3,2024-06-02,211421,688,17864
Line3,2024-06-03,239449,714,19255
Line3,2024-06-04,228141,702,18623
Line3,2024-06-05,210756,665,17068
Line3,2024-06-06,254690,733,20298
Line3,2024-06-07,222458,714,18061
Line3,2024-06-08,234474,658,18722
Line3,2024-06-09,235315,702,19061
Line3,2024-06-10,219338,714,17835
Line3,2024-06-11,197388,680,16219
Line3,2024-06-12,200745,684,16378
Line3,2024-06-13,220026,708,17790
Line3,2024-06-14,206422,695,17050
Line3,2024-06-15,91743,303,7442
Line3,2024-06-16,87189,294,7195
Line3,2024-06-17,98378,292,8001
Line3,2024-06-18,90998,292,7609
Line3,2024-06-19,98883,304,8249
Line3,2024-06-20,214476,662,17658
Line3,2024-06-21,205442,643,16671
Line3,2024-06-22,212231,704,17395
Line3,2024-06-23,198128,649,16307
Line3,2024-06-24,198534,669,16578
Line3,2024-06-25,222792,714,18296
Line3,2024-06-26,245907,715,19792
Line3,2024-06-27,223254,681,17762
Line3,2024-06-28,221796,682,18175
Line3,2024-06-29,251862,739,20754
Line3,2024-06-30,225443,710,18407
Line3,2024-07-01,215444,682,17725
Line3,2024-07-02,210499,674,17663
Line3,2024-07-03,213711,630,17665
Line3,2024-07-04,227859,701,18901
Line3,2024-07-05,222643,696,17763
Line3,2024-07-06,233577,670,18607
Line3,2024-07-07,94141,290,7215
Line3,2024-07-08,218267,652,17324
Line3,2024-07-09,216883,686,17667
Line3,2024-07-10,230484,736,18809
Line3,2024-07-11,221458,683,18421
Line3,2024-07-12,180700,627,14786
Line3,2024-07-13,206544,688,16634
Line3,2024-07-14,213128,690,17331
Line3,2024-07-15,211478,635,17762
Line3,2024-07-16,225974,701,18519
Line3,2024-07-17,214178,683,17617
Line3,2024-07-18,206419,674,17093
Line3,2024-07-19,197452,664,16395
Line3,2024-07-20,233375,686,18933
Line3,2024-07-21,225092,683,18754
Line3,2024-07-22,219484,713,18034
Line3,2024-07-23,89854,289,7312
Line3,2024-07-24,229980,706,18831
Line3,2024-07-25,214176,676,17681
Line3,2024-07-26,219408,695,18344
Line3,2024-07-27,220868,707,18284
Line3,2024-07-28,192318,626,15742
Line3,2024-07-29,222737,672,18087
Line3,2024-07-30,237750,708,18912
Line3,2024-07-31,224411,704,18155
Line3,2024-08-01,217554,687,17453
Line3,2024-08-02,251018,741,20318
Line3,2024-08-03,209737,661,16835
Line3,2024-08-04,222376,663,18002
Line3,2024-08-05,198512,648,16145
Line3,2024-08-06,227869,712,18656
Line3,2024-08-07,209538,626,17195
Line3,2024-08-08,207324,668,17257
Line3,2024-08-09,243775,708,19752
Line3,2024-08-10,230241,712,19079
Line3,2024-08-11,211177,673,17254
Line3,2024-08-12,220649,689,18108
Line3,2024-08-13,219060,689,17966
Line3,2024-08-14,226588,734,18733
Line3,2024-08-15,244927,777,20356
Line3,2024-08-16,214060,717,17669
Line3,2024-08-17,206784,669,16949
Line3,2024-08-18,237339,748,19425
Line3,2024-08-19,225644,714,18070
Line3,2024-08-20,191796,665,16071
Line3,2024-08-21,205645,661,16978
Line3,2024-08-22,242913,723,19413
Line3,2024-08-23,206007,663,17136
Line3,2024-08-24,233864,726,18871
Line3,2024-08-25,216410,701,17362
Line3,2024-08-26,222842,653,17870
Line3,2024-08-27,203009,675,17124
Line3,2024-08-28,234263,732,19187
Line3,2024-08-29,208438,687,17159
Line3,2024-08-30,236620,693,19363
Line3,2024-08-31,220521,703,18091
Line3,2024-09-01,225407,679,18297
Line3,2024-09-02,219352,683,17659
Line3,2024-09-03,200710,654,16780
Line3,2024-09-04,216637,642,17552
Line3,2024-09-05,216011,688,17761
Line3,2024-09-06,217993,655,17584
Line3,2024-09-07,211703,677,17403
Line3,2024-09-08,210777,678,17195
Line3,2024-09-09,228698,699,18879
Line3,2024-09-10,225338,723,18412
Line3,2024-09-11,246360,739,19624
Line3,2024-09-12,216322,696,17826
Line3,2024-09-13,216562,664,17465
Line3,2024-09-14,237073,736,19637
Line3,2024-09-15,88676,304,7535
Line3,2024-09-16,319624,980,26139
Line3,2024-09-17,311019,980,25613
Line3,2024-09-18,308973,963,24848
Line3,2024-09-19,310442,974,25757
Line3,2024-09-20,188281,595,15362
Line3,2024-09-21,184757,571,15093
Line3,2024-09-22,188638,594,15570
Line3,2024-09-23,308088,943,25042
Line3,2024-09-24,285409,953,23815
Line3,2024-09-25,306369,1008,24679
Line3,2024-09-26,318912,997,25833
Line3,2024-09-27,182526,584,15097
Line3,2024-09-28,200787,601,16333
Line3,2024-09-29,187469,576,15415
Line3,2024-09-30,314205,991,25346
Line3,2024-10-01,349253,997,27860
Line3,2024-10-02,294564,966,24076
Line3,2024-10-03,308401,951,25339
Line3,2024-10-04,189109,603,15706
Line3,2024-10-05,197059,584,16064
Line3,2024-10-06,181272,596,14837
Line3,2024-10-07,304010,950,24661
Line3,2024-10-08,301923,954,25065
Line3,2024-10-09,292407,1000,24295
Line3,2024-10-10,317253,982,25791
Line3,2024-10-11,178855,607,14815
Line3,2024-10-12,180532,551,14807
Line3,2024-10-13,171476,579,14242
Line3,2024-10-14,297665,928,24859
Line3,2024-10-15,311233,996,25331
Line3,2024-10-16,328469,1005,27070
Line3,2024-10-17,334790,1037,27685
Line3,2024-10-18,184120,585,15257
Line3,2024-10-19,188526,614,15362
Line3,2024-10-20,171766,582,14237
Line3,2024-10-21,322907,995,26361
Line3,2024-10-22,311839,1008,25296
Line3,2024-10-23,311906,941,25218
Line3,2024-10-24,317697,964,26001
Line3,2024-10-25,193597,615,16169
Line3,2024-10-26,182444,578,15369
Line3,2024-10-27,162478,526,13246
Line3,2024-10-28,296823,1001,24374
Line3,2024-10-29,309149,971,25559
Line3,2024-10-30,293727,970,24431
Line3,2024-10-31,313071,1007,25351
Line3,2024-11-01,185868,606,15455
Line3,2024-11-02,178006,578,14374
Line3,2024-11-03,174127,595,14155
Line3,2024-11-04,331735,1020,27394
Line3,2024-11-05,300788,948,25123
Line3,2024-11-06,316655,986,26259
Line3,2024-11-07,305946,978,25145
Line3,2024-11-08,202693,617,16537
Line3,2024-11-09,178820,609,14842
Line3,2024-11-10,174749,588,14182
Line3,2024-11-11,297872,976,24679
Line3,2024-11-12,326025,991,26520
Line3,2024-11-13,326089,979,26688
Line3,2024-11-14,280940,953,22602
Line3,2024-11-15,173636,565,14287
Line3,2024-11-16,192801,614,15922
Line3,2024-11-17,187962,591,15435
Line3,2024-11-18,327238,1027,26524
Line3,2024-11-19,288393,951,23735
Line3,2024-11-20,305575,981,25080
Line3,2024-11-21,311669,974,24995
Line3,2024-11-22,186087,595,15182
Line3,2024-11-23,183159,610,15471
Line3,2024-11-24,180384,585,14611
Line3,2024-11-25,293612,953,24533
Line3,2024-11-26,324701,1013,26526
Line3,2024-11-27,322905,1002,26229
Line3,2024-11-28,309233,1022,25554
Line3,2024-11-29,165634,566,13416
Line3,2024-11-30,202647,609,16659
Line3,2024-12-01,196669,634,16353
Line3,2024-12-02,309055,978,25606
Line3,2024-12-03,274732,977,23030
Line3,2024-12-04,310215,1012,25666
Line3,2024-12-05,322628,970,26264
Line3,2024-12-06,182043,555,14809
Line3,2024-12-07,192342,608,16160
Line3,2024-12-08,185546,565,14956
Line3,2024-12-09,323706,1034,26083
Line3,2024-12-10,296718,943,24532
Line3,2024-12-11,299854,962,25153
Line3,2024-12-12,287126,924,22658
Line3,2024-12-13,196763,613,15839
Line3,2024-12-14,167204,595,14186
Line3,2024-12-15,194265,562,15904
Line3,2024-12-16,321363,927,26550
Line3,2024-12-17,298064,933,23901
Line3,2024-12-18,316185,1000,25446
Line3,2024-12-19,279083,961,23070
Line3,2024-12-20,191811,599,15970
Line3,2024-12-21,194615,588,15939
Line3,2024-12-22,170083,580,13875
Line3,2024-12-23,295360,983,24636
Line3,2024-12-24,322202,1043,26227
Line3,2024-12-25,329841,998,27595
Line3,2024-12-26,320956,1041,26978
Line3,2024-12-27,182808,596,14784
Line3,2024-12-28,175506,571,14173
Line3,2024-12-29,190641,591,15463
Line3,2024-12-30,322127,959,25991
Line3,2024-12-31,301664,973,24294
Transfer_Line1/Line2,2024-01-01,16985,57,1333
Transfer_Line1/Line2,2024-01-02,59162,171,4475
Transfer_Line1/Line2,2024-01-03,72604,200,5730
Transfer_Line1/Line2,2024-01-04,63410,183,4738
Transfer_Line1/Line2,2024-01-05,31054,113,2363
Transfer_Line1/Line2,2024-01-06,34917,109,2630
Transfer_Line1/Line2,2024-01-07,16507,53,1363
Transfer_Line1/Line2,2024-01-08,61216,187,4721
Transfer_Line1/Line2,2024-01-09,60280,161,4551
Transfer_Line1/Line2,2024-01-10,61778,193,4788
Transfer_Line1/Line2,2024-01-11,53755,156,3925
Transfer_Line1/Line2,2024-01-12,35197,124,2689
Transfer_Line1/Line2,2024-01-13,38044,122,2866
Transfer_Line1/Line2,2024-01-14,31973,122,2388
Transfer_Line1/Line2,2024-01-15,50301,141,3753
Transfer_Line1/Line2,2024-01-16,39174,128,2958
Transfer_Line1/Line2,2024-01-17,48811,121,3696
Transfer_Line1/Line2,2024-01-18,44638,137,3410
Transfer_Line1/Line2,2024-01-19,46648,152,3585
Transfer_Line1/Line2,2024-01-20,45472,141,3476
Transfer_Line1/Line2,2024-01-21,39157,102,2997
Transfer_Line1/Line2,2024-01-22,44463,130,3427
Transfer_Line1/Line2,2024-01-23,44594,130,3367
Transfer_Line1/Line2,2024-01-24,47135,122,3482
Transfer_Line1/Line2,2024-01-25,16298,57,1185
Transfer_Line1/Line2,2024-01-26,31385,98,2425
Transfer_Line1/Line2,2024-01-27,42975,138,3359
Transfer_Line1/Line2,2024-01-28,32700,107,2476
Transfer_Line1/Line2,2024-01-29,43958,125,3364
Transfer_Line1/Line2,2024-01-30,40747,142,3234
Transfer_Line1/Line2,2024-01-31,46085,131,3383
Transfer_Line1/Line2,2024-02-01,40584,143,3072
Transfer_Line1/Line2,2024-02-02,41937,124,3130
Transfer_Line1/Line2,2024-02-03,40975,121,3004
Transfer_Line1/Line2,2024-02-04,39992,123,3120
Transfer_Line1/Line2,2024-02-05,54974,148,3984
Transfer_Line1/Line2,2024-02-06,45599,133,3313
Transfer_Line1/Line2,2024-02-07,38911,133,2999
Transfer_Line1/Line2,2024-02-08,45421,125,3282
Transfer_Line1/Line2,2024-02-09,44211,131,3206
Transfer_Line1/Line2,2024-02-10,56777,138,4214
Transfer_Line1/Line2,2024-02-11,38663,121,2857
Transfer_Line1/Line2,2024-02-12,69639,196,5404
Transfer_Line1/Line2,2024-02-13,77454,209,5891
Transfer_Line1/Line2,2024-02-14,65075,173,4903
Transfer_Line1/Line2,2024-02-15,74844,205,5531
Transfer_Line1/Line2,2024-02-16,42445,101,3181
Transfer_Line1/Line2,2024-02-17,40576,121,3048
Transfer_Line1/Line2,2024-02-18,27532,86,2182
Transfer_Line1/Line2,2024-02-19,61452,189,4641
Transfer_Line1/Line2,2024-02-20,56845,173,4407
Transfer_Line1/Line2,2024-02-21,75891,207,5762
Transfer_Line1/Line2,2024-02-22,69459,185,5396
Transfer_Line1/Line2,2024-02-23,37983,102,2879
Transfer_Line1/Line2,2024-02-24,38391,106,2924
Transfer_Line1/Line2,2024-02-25,37640,117,2800
Transfer_Line1/Line2,2024-02-26,68542,189,5174
Transfer_Line1/Line2,2024-02-27,55189,173,4244
Transfer_Line1/Line2,2024-02-28,61375,190,4732
Transfer_Line1/Line2,2024-02-29,72610,190,5342
Transfer_Line1/Line2,2024-03-01,31221,95,2351
Transfer_Line1/Line2,2024-03-02,28140,100,2215
Transfer_Line1/Line2,2024-03-03,33735,96,2569
Transfer_Line1/Line2,2024-03-04,71651,217,5772
Transfer_Line1/Line2,2024-03-05,58100,186,4500
Transfer_Line1/Line2,2024-03-06,67514,189,5153
Transfer_Line1/Line2,2024-03-07,60578,185,4585
Transfer_Line1/Line2,2024-03-08,35674,123,2758
Transfer_Line1/Line2,2024-03-09,39973,112,3005
Transfer_Line1/Line2,2024-03-10,38038,110,2888
Transfer_Line1/Line2,2024-03-11,66933,202,4961
Transfer_Line1/Line2,2024-03-12,53264,164,4033
Transfer_Line1/Line2,2024-03-13,66455,173,5064
Transfer_Line1/Line2,2024-03-14,60268,181,4491
Transfer_Line1/Line2,2024-03-15,34505,111,2641
Transfer_Line1/Line2,2024-03-16,40092,118,3028
Transfer_Line1/Line2,2024-03-17,38415,113,3026
Transfer_Line1/Line2,2024-03-18,65116,187,4923
Transfer_Line1/Line2,2024-03-19,60763,166,4515
Transfer_Line1/Line2,2024-03-20,60135,184,4466
Transfer_Line1/Line2,2024-03-21,47107,158,3731
Transfer_Line1/Line2,2024-03-22,41603,136,3185
Transfer_Line1/Line2,2024-03-23,28884,106,2226
Transfer_Line1/Line2,2024-03-24,37517,115,2904
Transfer_Line1/Line2,2024-03-25,65598,183,4990
Transfer_Line1/Line2,2024-03-26,72476,215,5463
Transfer_Line1/Line2,2024-03-27,60598,175,4578
Transfer_Line1/Line2,2024-03-28,66365,187,4787
Transfer_Line1/Line2,2024-03-29,36375,113,2865
Transfer_Line1/Line2,2024-03-30,35086,107,2756
Transfer_Line1/Line2,2024-03-31,38700,110,2946
Transfer_Line1/Line2,2024-04-01,54744,165,4131
Transfer_Line1/Line2,2024-04-02,64894,191,5098
Transfer_Line1/Line2,2024-04-03,59155,194,4699
Transfer_Line1/Line2,2024-04-04,75015,189,5624
Transfer_Line1/Line2,2024-04-05,35323,97,2668
Transfer_Line1/Line2,2024-04-06,36537,113,2731
Transfer_Line1/Line2,2024-04-07,35807,109,2774
Transfer_Line1/Line2,2024-04-08,61913,177,4714
Transfer_Line1/Line2,2024-04-09,18659,54,1395
Transfer_Line1/Line2,2024-04-10,12643,41,1043
Transfer_Line1/Line2,2024-04-11,19073,57,1455
Transfer_Line1/Line2,2024-04-12,34522,98,2714
Transfer_Line1/Line2,2024-04-13,43328,113,3187
Transfer_Line1/Line2,2024-04-14,38353,117,3020
Transfer_Line1/Line2,2024-04-15,64587,175,5069
Transfer_Line1/Line2,2024-04-16,54868,167,4168
Transfer_Line1/Line2,2024-04-17,66830,192,5012
Transfer_Line1/Line2,2024-04-18,58759,170,4433
Transfer_Line1/Line2,2024-04-19,34195,102,2477
Transfer_Line1/Line2,2024-04-20,32624,100,2483
Transfer_Line1/Line2,2024-04-21,40395,117,3044
Transfer_Line1/Line2,2024-04-22,57353,184,4406
Transfer_Line1/Line2,2024-04-23,81473,223,6243
Transfer_Line1/Line2,2024-04-24,64692,199,4995
Transfer_Line1/Line2,2024-04-25,19631,61,1406
Transfer_Line1/Line2,2024-04-26,41664,118,3158
Transfer_Line1/Line2,2024-04-27,44285,109,3346
Transfer_Line1/Line2,2024-04-28,32316,101,2539
Transfer_Line1/Line2,2024-04-29,64945,194,5081
Transfer_Line1/Line2,2024-04-30,61831,185,4531
Transfer_Line1/Line2,2024-05-01,19327,48,1515
Transfer_Line1/Line2,2024-05-02,59076,174,4464
Transfer_Line1/Line2,2024-05-03,34932,110,2682
Transfer_Line1/Line2,2024-05-04,30106,103,2381
Transfer_Line1/Line2,2024-05-05,17923,51,1430
Transfer_Line1/Line2,2024-05-06,17644,55,1327
Transfer_Line1/Line2,2024-05-07,74401,194,5566
Transfer_Line1/Line2,2024-05-08,68541,181,5342
Transfer_Line1/Line2,2024-05-09,75854,218,5778
Transfer_Line1/Line2,2024-05-10,39375,97,3011
Transfer_Line1/Line2,2024-05-11,41172,115,3238
Transfer_Line1/Line2,2024-05-12,38182,111,2833
Transfer_Line1/Line2,2024-05-13,63257,173,4763
Transfer_Line1/Line2,2024-05-14,71321,206,5331
Transfer_Line1/Line2,2024-05-15,63340,195,4946
Transfer_Line1/Line2,2024-05-16,71204,179,5264
Transfer_Line1/Line2,2024-05-17,38713,112,2811
Transfer_Line1/Line2,2024-05-18,40780,121,3097
Transfer_Line1/Line2,2024-05-19,34019,98,2554
Transfer_Line1/Line2,2024-05-20,61864,173,4651
Transfer_Line1/Line2,2024-05-21,70135,192,5309
Transfer_Line1/Line2,2024-05-22,58312,190,4595
Transfer_Line1/Line2,2024-05-23,68912,208,5147
Transfer_Line1/Line2,2024-05-24,36395,119,2865
Transfer_Line1/Line2,2024-05-25,31710,109,2372
Transfer_Line1/Line2,2024-05-26,42423,125,3313
Transfer_Line1/Line2,2024-05-27,70401,211,5221
Transfer_Line1/Line2,2024-05-28,73030,186,5374
Transfer_Line1/Line2,2024-05-29,62060,196,4730
Transfer_Line1/Line2,2024-05-30,68201,194,5357
Transfer_Line1/Line2,2024-05-31,44628,114,3388
Transfer_Line1/Line2,2024-06-01,39469,117,2923
Transfer_Line1/Line2,2024-06-02,40898,119,3136
Transfer_Line1/Line2,2024-06-03,36445,121,2783
Transfer_Line1/Line2,2024-06-04,45693,128,3473
Transfer_Line1/Line2,2024-06-05,38909,123,2942
Transfer_Line1/Line2,2024-06-06,39931,125,2953
Transfer_Line1/Line2,2024-06-07,46693,127,3500
Transfer_Line1/Line2,2024-06-08,37931,123,2840
Transfer_Line1/Line2,2024-06-09,43229,118,3321
Transfer_Line1/Line2,2024-06-10,41662,124,3014
Transfer_Line1/Line2,2024-06-11,51982,129,3916
Transfer_Line1/Line2,2024-06-12,50157,140,3732
Transfer_Line1/Line2,2024-06-13,50084,131,3792
Transfer_Line1/Line2,2024-06-14,36317,120,2732
Transfer_Line1/Line2,2024-06-15,21197,64,1686
Transfer_Line1/Line2,2024-06-16,16261,61,1317
Transfer_Line1/Line2,2024-06-17,22495,64,1767
Transfer_Line1/Line2,2024-06-18,18592,59,1498
Transfer_Line1/Line2,2024-06-19,16665,55,1338
Transfer_Line1/Line2,2024-06-20,49977,136,3719
Transfer_Line1/Line2,2024-06-21,39408,118,2919
Transfer_Line1/Line2,2024-06-22,39603,126,3063
Transfer_Line1/Line2,2024-06-23,43190,125,3254
Transfer_Line1/Line2,2024-06-24,47914,132,3635
Transfer_Line1/Line2,2024-06-25,48517,166,3602
Transfer_Line1/Line2,2024-06-26,42550,142,3282
Transfer_Line1/Line2,2024-06-27,42520,123,3205
Transfer_Line1/Line2,2024-06-28,43492,126,3147
Transfer_Line1/Line2,2024-06-29,44830,116,3494
Transfer_Line1/Line2,2024-06-30,55368,138,4347
Transfer_Line1/Line2,2024-07-01,52961,152,4061
Transfer_Line1/Line2,2024-07-02,40437,114,3058
Transfer_Line1/Line2,2024-07-03,52148,131,3752
Transfer_Line1/Line2,2024-07-04,34512,123,2711
Transfer_Line1/Line2,2024-07-05,42893,127,3199
Transfer_Line1/Line2,2024-07-06,39479,139,3076
Transfer_Line1/Line2,2024-07-07,26237,70,2044
Transfer_Line1/Line2,2024-07-08,42229,133,3231
Transfer_Line1/Line2,2024-07-09,50500,130,3728
Transfer_Line1/Line2,2024-07-10,50272,153,3945
Transfer_Line1/Line2,2024-07-11,43440,122,3172
Transfer_Line1/Line2,2024-07-12,45401,126,3429
Transfer_Line1/Line2,2024-07-13,42031,125,3146
Transfer_Line1/Line2,2024-07-14,57157,152,4334
Transfer_Line1/Line2,2024-07-15,35215,112,2694
Transfer_Line1/Line2,2024-07-16,48439,129,3570
Transfer_Line1/Line2,2024-07-17,40236,128,3077
Transfer_Line1/Line2,2024-07-18,41061,122,3152
Transfer_Line1/Line2,2024-07-19,41166,119,3112
Transfer_Line1/Line2,2024-07-20,47348,125,3572
Transfer_Line1/Line2,2024-07-21,38901,141,3059
Transfer_Line1/Line2,2024-07-22,32557,111,2540
Transfer_Line1/Line2,2024-07-23,16310,57,1317
Transfer_Line1/Line2,2024-07-24,48002,127,3498
Transfer_Line1/Line2,2024-07-25,48142,145,3758
Transfer_Line1/Line2,2024-07-26,48848,141,3758
Transfer_Line1/Line2,2024-07-27,35734,114,2645
Transfer_Line1/Line2,2024-07-28,53852,151,4027
Transfer_Line1/Line2,2024-07-29,39852,112,3004
Transfer_Line1/Line2,2024-07-30,42308,135,3184
Transfer_Line1/Line2,2024-07-31,40793,133,3187
Transfer_Line1/Line2,2024-08-01,55546,132,4038
Transfer_Line1/Line2,2024-08-02,58251,152,4247
Transfer_Line1/Line2,2024-08-03,50102,141,4020
Transfer_Line1/Line2,2024-08-04,47945,131,3622
Transfer_Line1/Line2,2024-08-05,45955,139,3614
Transfer_Line1/Line2,2024-08-06,46535,136,3361
Transfer_Line1/Line2,2024-08-07,34944,135,2811
Transfer_Line1/Line2,2024-08-08,50059,146,3625
Transfer_Line1/Line2,2024-08-09,38456,119,2980
Transfer_Line1/Line2,2024-08-10,38688,122,2973
Transfer_Line1/Line2,2024-08-11,48420,129,3632
Transfer_Line1/Line2,2024-08-12,40223,128,3233
Transfer_Line1/Line2,2024-08-13,48399,128,3794
Transfer_Line1/Line2,2024-08-14,65789,148,4995
Transfer_Line1/Line2,2024-08-15,39741,135,3029
Transfer_Line1/Line2,2024-08-16,41543,127,3136
Transfer_Line1/Line2,2024-08-17,36006,122,2647
Transfer_Line1/Line2,2024-08-18,36035,109,2842
Transfer_Line1/Line2,2024-08-19,43969,120,3251
Transfer_Line1/Line2,2024-08-20,49594,141,3708
Transfer_Line1/Line2,2024-08-21,44563,130,3448
Transfer_Line1/Line2,2024-08-22,48720,128,3827
Transfer_Line1/Line2,2024-08-23,48068,126,3574
Transfer_Line1/Line2,2024-08-24,41993,142,3284
Transfer_Line1/Line2,2024-08-25,45346,138,3247
Transfer_Line1/Line2,2024-08-26,41715,121,3172
Transfer_Line1/Line2,2024-08-27,38062,121,2959
Transfer_Line1/Line2,2024-08-28,49743,130,3781
Transfer_Line1/Line2,2024-08-29,41501,150,3116
Transfer_Line1/Line2,2024-08-30,44589,137,3301
Transfer_Line1/Line2,2024-08-31,39508,119,3045
Transfer_Line1/Line2,2024-09-01,40737,126,3115
Transfer_Line1/Line2,2024-09-02,51314,136,3816
Transfer_Line1/Line2,2024-09-03,46420,129,3536
Transfer_Line1/Line2,2024-09-04,56049,142,4357
Transfer_Line1/Line2,2024-09-05,41688,123,3102
Transfer_Line1/Line2,2024-09-06,46607,146,3463
Transfer_Line1/Line2,2024-09-07,46313,149,3446
Transfer_Line1/Line2,2024-09-08,58488,152,4547
Transfer_Line1/Line2,2024-09-09,44979,132,3404
Transfer_Line1/Line2,2024-09-10,41634,135,3278
Transfer_Line1/Line2,2024-09-11,44344,116,3321
Transfer_Line1/Line2,2024-09-12,53682,146,3959
Transfer_Line1/Line2,2024-09-13,45837,104,3470
Transfer_Line1/Line2,2024-09-14,45117,127,3336
Transfer_Line1/Line2,2024-09-15,27272,67,2063
Transfer_Line1/Line2,2024-09-16,68391,175,5185
Transfer_Line1/Line2,2024-09-17,58218,174,4282
Transfer_Line1/Line2,2024-09-18,74942,183,5481
Transfer_Line1/Line2,2024-09-19,45157,155,3502
Transfer_Line1/Line2,2024-09-20,35132,107,2632
Transfer_Line1/Line2,2024-09-21,52108,131,4059
Transfer_Line1/Line2,2024-09-22,42192,127,3157
Transfer_Line1/Line2,2024-09-23,50868,180,4019
Transfer_Line1/Line2,2024-09-24,63984,191,4758
Transfer_Line1/Line2,2024-09-25,63661,194,5067
Transfer_Line1/Line2,2024-09-26,55656,176,4206
Transfer_Line1/Line2,2024-09-27,35086,119,2671
Transfer_Line1/Line2,2024-09-28,39616,131,2956
Transfer_Line1/Line2,2024-09-29,27420,95,2163
Transfer_Line1/Line2,2024-09-30,72670,223,5637
Transfer_Line1/Line2,2024-10-01,58418,193,4422
Transfer_Line1/Line2,2024-10-02,66789,178,4978
Transfer_Line1/Line2,2024-10-03,58629,170,4349
Transfer_Line1/Line2,2024-10-04,44515,113,3270
Transfer_Line1/Line2,2024-10-05,35267,114,2921
Transfer_Line1/Line2,2024-10-06,36561,107,2828
Transfer_Line1/Line2,2024-10-07,68744,176,4990
Transfer_Line1/Line2,2024-10-08,66761,209,5080
Transfer_Line1/Line2,2024-10-09,53542,181,4013
Transfer_Line1/Line2,2024-10-10,61688,199,4762
Transfer_Line1/Line2,2024-10-11,27116,104,2223
Transfer_Line1/Line2,2024-10-12,43126,122,3087
Transfer_Line1/Line2,2024-10-13,34814,109,2747
Transfer_Line1/Line2,2024-10-14,41695,161,3086
Transfer_Line1/Line2,2024-10-15,69266,197,5199
Transfer_Line1/Line2,2024-10-16,58477,166,4452
Transfer_Line1/Line2,2024-10-17,67454,185,4955
Transfer_Line1/Line2,2024-10-18,38951,117,3046
Transfer_Line1/Line2,2024-10-19,41419,124,3220
Transfer_Line1/Line2,2024-10-20,32463,109,2471
Transfer_Line1/Line2,2024-10-21,53980,184,4411
Transfer_Line1/Line2,2024-10-22,56309,184,4254
Transfer_Line1/Line2,2024-10-23,56138,166,4324
Transfer_Line1/Line2,2024-10-24,80657,228,6355
Transfer_Line1/Line2,2024-10-25,44607,122,3266
Transfer_Line1/Line2,2024-10-26,37748,121,2844
Transfer_Line1/Line2,2024-10-27,38889,102,3024
Transfer_Line1/Line2,2024-10-28,47690,147,3710
Transfer_Line1/Line2,2024-10-29,51512,149,4028
Transfer_Line1/Line2,2024-10-30,68157,186,5299
Transfer_Line1/Line2,2024-10-31,64800,182,4854
Transfer_Line1/Line2,2024-11-01,38226,114,2802
Transfer_Line1/Line2,2024-11-02,35299,117,2744
Transfer_Line1/Line2,2024-11-03,27661,95,2271
Transfer_Line1/Line2,2024-11-04,62353,174,4789
Transfer_Line1/Line2,2024-11-05,52973,178,4198
Transfer_Line1/Line2,2024-11-06,79371,194,5970
Transfer_Line1/Line2,2024-11-07,63154,184,4824
Transfer_Line1/Line2,2024-11-08,46666,126,3531
Transfer_Line1/Line2,2024-11-09,35684,116,2598
Transfer_Line1/Line2,2024-11-10,30551,99,2340
Transfer_Line1/Line2,2024-11-11,63269,166,4717
Transfer_Line1/Line2,2024-11-12,57743,193,4284
Transfer_Line1/Line2,2024-11-13,56312,173,4493
Transfer_Line1/Line2,2024-11-14,67168,186,4866
Transfer_Line1/Line2,2024-11-15,31756,105,2404
Transfer_Line1/Line2,2024-11-16,33718,121,2663
Transfer_Line1/Line2,2024-11-17,40709,122,3107
Transfer_Line1/Line2,2024-11-18,57785,174,4382
Transfer_Line1/Line2,2024-11-19,71000,176,5287
Transfer_Line1/Line2,2024-11-20,70946,199,5467
Transfer_Line1/Line2,2024-11-21,66148,180,4778
Transfer_Line1/Line2,2024-11-22,41099,122,3119
Transfer_Line1/Line2,2024-11-23,36936,108,2817
Transfer_Line1/Line2,2024-11-24,36079,106,2802
Transfer_Line1/Line2,2024-11-25,67177,181,5182
Transfer_Line1/Line2,2024-11-26,61228,204,4751
Transfer_Line1/Line2,2024-11-27,61242,182,4675
Transfer_Line1/Line2,2024-11-28,54951,178,4126
Transfer_Line1/Line2,2024-11-29,35057,99,2805
Transfer_Line1/Line2,2024-11-30,37021,116,3008
Transfer_Line1/Line2,2024-12-01,35170,102,2751
Transfer_Line1/Line2,2024-12-02,61903,182,4799
Transfer_Line1/Line2,2024-12-03,76075,193,5706
Transfer_Line1/Line2,2024-12-04,60625,201,4671
Transfer_Line1/Line2,2024-12-05,56865,183,4314
Transfer_Line1/Line2,2024-12-06,47346,123,3579
Transfer_Line1/Line2,2024-12-07,41990,119,3058
Transfer_Line1/Line2,2024-12-08,36914,99,2695
Transfer_Line1/Line2,2024-12-09,74392,199,5611
Transfer_Line1/Line2,2024-12-10,65377,184,4818
Transfer_Line1/Line2,2024-12-11,71762,206,5521
Transfer_Line1/Line2,2024-12-12,64557,188,4855
Transfer_Line1/Line2,2024-12-13,36006,106,2787
Transfer_Line1/Line2,2024-12-14,36574,96,2703
Transfer_Line1/Line2,2024-12-15,39096,109,3067
Transfer_Line1/Line2,2024-12-16,57987,166,4359
Transfer_Line1/Line2,2024-12-17,53701,170,4061
Transfer_Line1/Line2,2024-12-18,61820,170,4722
Transfer_Line1/Line2,2024-12-19,59796,184,4325
Transfer_Line1/Line2,2024-12-20,37271,118,2758
Transfer_Line1/Line2,2024-12-21,50508,119,3689
Transfer_Line1/Line2,2024-12-22,40089,107,3112
Transfer_Line1/Line2,2024-12-23,61679,196,4740
Transfer_Line1/Line2,2024-12-24,66091,192,5071
Transfer_Line1/Line2,2024-12-25,73843,200,5643
Transfer_Line1/Line2,2024-12-26,66327,212,5042
Transfer_Line1/Line2,2024-12-27,43159,122,3243
Transfer_Line1/Line2,2024-12-28,39625,123,3111
Transfer_Line1/Line2,2024-12-29,33237,102,2418
Transfer_Line1/Line2,2024-12-30,47105,173,3669
Transfer_Line1/Line2,2024-12-31,46052,159,3420
Transfer_Line1/Line3,2024-01-01,8272,29,631
Transfer_Line1/Line3,2024-01-02,42044,97,3013
Transfer_Line1/Line3,2024-01-03,39050,95,2955
Transfer_Line1/Line3,2024-01-04,23287,87,1824
Transfer_Line1/Line3,2024-01-05,17120,52,1418
Transfer_Line1/Line3,2024-01-06,21120,60,1601
Transfer_Line1/Line3,2024-01-07,4744,22,350
Transfer_Line1/Line3,2024-01-08,40033,111,3089
Transfer_Line1/Line3,2024-01-09,36776,114,2893
Transfer_Line1/Line3,2024-01-10,33628,83,2591
Transfer_Line1/Line3,2024-01-11,33295,99,2500
Transfer_Line1/Line3,2024-01-12,16138,51,1377
Transfer_Line1/Line3,2024-01-13,28009,61,1976
Transfer_Line1/Line3,2024-01-14,19866,64,1547
Transfer_Line1/Line3,2024-01-15,29809,71,2176
Transfer_Line1/Line3,2024-01-16,26642,80,1933
Transfer_Line1/Line3,2024-01-17,30011,71,2266
Transfer_Line1/Line3,2024-01-18,30083,67,2265
Transfer_Line1/Line3,2024-01-19,28180,74,2090
Transfer_Line1/Line3,2024-01-20,20123,57,1485
Transfer_Line1/Line3,2024-01-21,17877,59,1297
Transfer_Line1/Line3,2024-01-22,34914,81,2625
Transfer_Line1/Line3,2024-01-23,19884,63,1643
Transfer_Line1/Line3,2024-01-24,26659,68,1828
Transfer_Line1/Line3,2024-01-25,11310,23,820
Transfer_Line1/Line3,2024-01-26,24515,60,1982
Transfer_Line1/Line3,2024-01-27,22113,65,1563
Transfer_Line1/Line3,2024-01-28,20061,65,1572
Transfer_Line1/Line3,2024-01-29,22653,70,1915
Transfer_Line1/Line3,2024-01-30,20879,61,1542
Transfer_Line1/Line3,2024-01-31,23328,72,1752
Transfer_Line1/Line3,2024-02-01,27120,80,2037
Transfer_Line1/Line3,2024-02-02,20851,61,1581
Transfer_Line1/Line3,2024-02-03,17077,58,1239
Transfer_Line1/Line3,2024-02-04,28276,74,2153
Transfer_Line1/Line3,2024-02-05,20260,57,1548
Transfer_Line1/Line3,2024-02-06,23588,65,1924
Transfer_Line1/Line3,2024-02-07,18166,62,1362
Transfer_Line1/Line3,2024-02-08,21007,62,1568
Transfer_Line1/Line3,2024-02-09,21850,79,1731
Transfer_Line1/Line3,2024-02-10,27109,69,2009
Transfer_Line1/Line3,2024-02-11,17932,53,1358
Transfer_Line1/Line3,2024-02-12,33497,101,2607
Transfer_Line1/Line3,2024-02-13,33193,95,2478
Transfer_Line1/Line3,2024-02-14,37237,104,2743
Transfer_Line1/Line3,2024-02-15,26431,84,1936
Transfer_Line1/Line3,2024-02-16,20465,46,1489
Transfer_Line1/Line3,2024-02-17,18891,50,1457
Transfer_Line1/Line3,2024-02-18,22872,61,1728
Transfer_Line1/Line3,2024-02-19,32189,89,2449
Transfer_Line1/Line3,2024-02-20,31640,98,2327
Transfer_Line1/Line3,2024-02-21,27776,93,2197
Transfer_Line1/Line3,2024-02-22,32016,93,2530
Transfer_Line1/Line3,2024-02-23,14146,62,1113
Transfer_Line1/Line3,2024-02-24,19298,49,1558
Transfer_Line1/Line3,2024-02-25,20776,59,1538
Transfer_Line1/Line3,2024-02-26,35669,100,2710
Transfer_Line1/Line3,2024-02-27,29888,86,2238
Transfer_Line1/Line3,2024-02-28,27425,79,1996
Transfer_Line1/Line3,2024-02-29,35068,100,2709
Transfer_Line1/Line3,2024-03-01,18961,52,1347
Transfer_Line1/Line3,2024-03-02,14840,46,1117
Transfer_Line1/Line3,2024-03-03,19827,60,1548
Transfer_Line1/Line3,2024-03-04,40174,104,2928
Transfer_Line1/Line3,2024-03-05,33798,98,2475
Transfer_Line1/Line3,2024-03-06,38852,97,2810
Transfer_Line1/Line3,2024-03-07,28270,85,2207
Transfer_Line1/Line3,2024-03-08,16044,47,1123
Transfer_Line1/Line3,2024-03-09,14962,55,1138
Transfer_Line1/Line3,2024-03-10,16921,51,1325
Transfer_Line1/Line3,2024-03-11,24205,87,1707
Transfer_Line1/Line3,2024-03-12,41011,88,3000
Transfer_Line1/Line3,2024-03-13,29857,82,2368
Transfer_Line1/Line3,2024-03-14,33750,86,2536
Transfer_Line1/Line3,2024-03-15,21414,56,1592
Transfer_Line1/Line3,2024-03-16,17494,48,1277
Transfer_Line1/Line3,2024-03-17,15164,55,1053
Transfer_Line1/Line3,2024-03-18,33829,95,2561
Transfer_Line1/Line3,2024-03-19,28882,91,2222
Transfer_Line1/Line3,2024-03-20,27723,86,2155
Transfer_Line1/Line3,2024-03-21,38114,116,2949
Transfer_Line1/Line3,2024-03-22,19713,56,1468
Transfer_Line1/Line3,2024-03-23,24694,70,1858
Transfer_Line1/Line3,2024-03-24,12799,43,1043
Transfer_Line1/Line3,2024-03-25,24470,85,1981
Transfer_Line1/Line3,2024-03-26,32847,87,2555
Transfer_Line1/Line3,2024-03-27,28974,93,2304
Transfer_Line1/Line3,2024-03-28,26696,92,2081
Transfer_Line1/Line3,2024-03-29,18917,48,1431
Transfer_Line1/Line3,2024-03-30,22304,74,1670
Transfer_Line1/Line3,2024-03-31,17312,51,1342
Transfer_Line1/Line3,2024-04-01,38868,104,2912
Transfer_Line1/Line3,2024-04-02,23225,78,1752
Transfer_Line1/Line3,2024-04-03,23049,82,1841
Transfer_Line1/Line3,2024-04-04,28264,83,2078
Transfer_Line1/Line3,2024-04-05,19763,60,1435
Transfer_Line1/Line3,2024-04-06,17953,50,1406
Transfer_Line1/Line3,2024-04-07,20045,48,1610
Transfer_Line1/Line3,2024-04-08,36293,106,2712
Transfer_Line1/Line3,2024-04-09,7166,24,562
Transfer_Line1/Line3,2024-04-10,11249,33,857
Transfer_Line1/Line3,2024-04-11,10047,25,745
Transfer_Line1/Line3,2024-04-12,25045,58,1877
Transfer_Line1/Line3,2024-04-13,19871,57,1575
Transfer_Line1/Line3,2024-04-14,22576,67,1693
Transfer_Line1/Line3,2024-04-15,24967,81,1985
Transfer_Line1/Line3,2024-04-16,32862,98,2537
Transfer_Line1/Line3,2024-04-17,38512,93,2899
Transfer_Line1/Line3,2024-04-18,31768,84,2297
Transfer_Line1/Line3,2024-04-19,14730,41,1013
Transfer_Line1/Line3,2024-04-20,16229,47,1200
Transfer_Line1/Line3,2024-04-21,23158,59,1786
Transfer_Line1/Line3,2024-04-22,31012,98,2311
Transfer_Line1/Line3,2024-04-23,23069,77,1661
Transfer_Line1/Line3,2024-04-24,28420,97,2252
Transfer_Line1/Line3,2024-04-25,5785,23,438
Transfer_Line1/Line3,2024-04-26,16041,55,1191
Transfer_Line1/Line3,2024-04-27,18363,57,1414
Transfer_Line1/Line3,2024-04-28,19043,56,1444
Transfer_Line1/Line3,2024-04-29,25358,94,2033
Transfer_Line1/Line3,2024-04-30,31837,102,2375
Transfer_Line1/Line3,2024-05-01,8626,32,680
Transfer_Line1/Line3,2024-05-02,31297,95,2359
Transfer_Line1/Line3,2024-05-03,19394,54,1462
Transfer_Line1/Line3,2024-05-04,16170,51,1186
Transfer_Line1/Line3,2024-05-05,9282,28,664
Transfer_Line1/Line3,2024-05-06,11520,34,789
Transfer_Line1/Line3,2024-05-07,30147,83,2241
Transfer_Line1/Line3,2024-05-08,31314,80,2293
Transfer_Line1/Line3,2024-05-09,38132,108,2888
Transfer_Line1/Line3,2024-05-10,20950,50,1547
Transfer_Line1/Line3,2024-05-11,19549,56,1395
Transfer_Line1/Line3,2024-05-12,15165,41,1145
Transfer_Line1/Line3,2024-05-13,26350,88,2117
Transfer_Line1/Line3,2024-05-14,30809,101,2376
Transfer_Line1/Line3,2024-05-15,27776,81,1946
Transfer_Line1/Line3,2024-05-16,31125,92,2374
Transfer_Line1/Line3,2024-05-17,19331,61,1540
Transfer_Line1/Line3,2024-05-18,17590,52,1324
Transfer_Line1/Line3,2024-05-19,13722,49,1065
Transfer_Line1/Line3,2024-05-20,33522,89,2550
Transfer_Line1/Line3,2024-05-21,25232,70,1867
Transfer_Line1/Line3,2024-05-22,39955,107,2841
Transfer_Line1/Line3,2024-05-23,30180,94,2269
Transfer_Line1/Line3,2024-05-24,17065,58,1397
Transfer_Line1/Line3,2024-05-25,8833,42,668
Transfer_Line1/Line3,2024-05-26,17217,49,1315
Transfer_Line1/Line3,2024-05-27,26642,76,1908
Transfer_Line1/Line3,2024-05-28,38031,108,2888
Transfer_Line1/Line3,2024-05-29,43620,121,3281
Transfer_Line1/Line3,2024-05-30,32213,80,2428
Transfer_Line1/Line3,2024-05-31,16504,48,1184
Transfer_Line1/Line3,2024-06-01,23295,66,1731
Transfer_Line1/Line3,2024-06-02,22600,69,1725
Transfer_Line1/Line3,2024-06-03,18855,69,1482
Transfer_Line1/Line3,2024-06-04,23802,69,1913
Transfer_Line1/Line3,2024-06-05,26455,73,1902
Transfer_Line1/Line3,2024-06-06,18097,64,1453
Transfer_Line1/Line3,2024-06-07,22698,57,1710
Transfer_Line1/Line3,2024-06-08,16450,56,1298
Transfer_Line1/Line3,2024-06-09,22396,69,1804
Transfer_Line1/Line3,2024-06-10,28011,81,2236
Transfer_Line1/Line3,2024-06-11,15839,53,1288
Transfer_Line1/Line3,2024-06-12,28770,68,2108
Transfer_Line1/Line3,2024-06-13,34156,91,2501
Transfer_Line1/Line3,2024-06-14,21683,63,1678
Transfer_Line1/Line3,2024-06-15,12520,29,982
Transfer_Line1/Line3,2024-06-16,9125,29,679
Transfer_Line1/Line3,2024-06-17,8709,28,636
Transfer_Line1/Line3,2024-06-18,7743,26,568
Transfer_Line1/Line3,2024-06-19,8120,28,599
Transfer_Line1/Line3,2024-06-20,20649,62,1567
Transfer_Line1/Line3,2024-06-21,16111,59,1253
Transfer_Line1/Line3,2024-06-22,21424,53,1620
Transfer_Line1/Line3,2024-06-23,20976,64,1543
Transfer_Line1/Line3,2024-06-24,19778,59,1399
Transfer_Line1/Line3,2024-06-25,26431,84,2105
Transfer_Line1/Line3,2024-06-26,21413,64,1562
Transfer_Line1/Line3,2024-06-27,22857,65,1667
Transfer_Line1/Line3,2024-06-28,23402,60,1636
Transfer_Line1/Line3,2024-06-29,18963,62,1418
Transfer_Line1/Line3,2024-06-30,26070,78,1832
Transfer_Line1/Line3,2024-07-01,21973,72,1675
Transfer_Line1/Line3,2024-07-02,28199,82,2168
Transfer_Line1/Line3,2024-07-03,18439,52,1359
Transfer_Line1/Line3,2024-07-04,25673,67,1952
Transfer_Line1/Line3,2024-07-05,18310,55,1329
Transfer_Line1/Line3,2024-07-06,24522,65,1856
Transfer_Line1/Line3,2024-07-07,9394,29,577
Transfer_Line1/Line3,2024-07-08,12169,53,931
Transfer_Line1/Line3,2024-07-09,24953,74,1876
Transfer_Line1/Line3,2024-07-10,24918,61,1934
Transfer_Line1/Line3,2024-07-11,25064,61,1802
Transfer_Line1/Line3,2024-07-12,23496,63,1697
Transfer_Line1/Line3,2024-07-13,23418,68,1623
Transfer_Line1/Line3,2024-07-14,29623,75,2261
Transfer_Line1/Line3,2024-07-15,21795,66,1720
Transfer_Line1/Line3,2024-07-16,16000,60,1236
Transfer_Line1/Line3,2024-07-17,16993,54,1317
Transfer_Line1/Line3,2024-07-18,24524,75,1818
Transfer_Line1/Line3,2024-07-19,21716,64,1638
Transfer_Line1/Line3,2024-07-20,22546,63,1631
Transfer_Line1/Line3,2024-07-21,26019,63,1985
Transfer_Line1/Line3,2024-07-22,25082,75,1878
Transfer_Line1/Line3,2024-07-23,7114,26,604
Transfer_Line1/Line3,2024-07-24,15688,50,1189
Transfer_Line1/Line3,2024-07-25,19949,54,1533
Transfer_Line1/Line3,2024-07-26,25153,75,1919
Transfer_Line1/Line3,2024-07-27,29246,79,2098
Transfer_Line1/Line3,2024-07-28,20945,67,1570
Transfer_Line1/Line3,2024-07-29,18503,68,1490
Transfer_Line1/Line3,2024-07-30,19807,67,1430
Transfer_Line1/Line3,2024-07-31,25924,68,1953
Transfer_Line1/Line3,2024-08-01,27293,71,2276
Transfer_Line1/Line3,2024-08-02,30032,85,2198
Transfer_Line1/Line3,2024-08-03,22554,75,1699
Transfer_Line1/Line3,2024-08-04,23853,78,1827
Transfer_Line1/Line3,2024-08-05,30408,73,2340
Transfer_Line1/Line3,2024-08-06,25135,83,2019
Transfer_Line1/Line3,2024-08-07,25968,52,1975
Transfer_Line1/Line3,2024-08-08,23431,61,1676
Transfer_Line1/Line3,2024-08-09,15189,53,1073
Transfer_Line1/Line3,2024-08-10,31559,75,2412
Transfer_Line1/Line3,2024-08-11,22020,78,1696
Transfer_Line1/Line3,2024-08-12,18192,60,1409
Transfer_Line1/Line3,2024-08-13,20728,71,1645
Transfer_Line1/Line3,2024-08-14,26371,61,1879
Transfer_Line1/Line3,2024-08-15,26294,59,1878
Transfer_Line1/Line3,2024-08-16,21556,51,1631
Transfer_Line1/Line3,2024-08-17,24374,78,1908
Transfer_Line1/Line3,2024-08-18,18277,49,1336
Transfer_Line1/Line3,2024-08-19,18573,48,1405
Transfer_Line1/Line3,2024-08-20,24225,57,1846
Transfer_Line1/Line3,2024-08-21,22651,69,1635
Transfer_Line1/Line3,2024-08-22,22567,68,1723
Transfer_Line1/Line3,2024-08-23,15903,58,1232
Transfer_Line1/Line3,2024-08-24,22468,78,1667
Transfer_Line1/Line3,2024-08-25,16172,58,1266
Transfer_Line1/Line3,2024-08-26,18995,69,1314
Transfer_Line1/Line3,2024-08-27,23219,61,1858
Transfer_Line1/Line3,2024-08-28,20279,62,1517
Transfer_Line1/Line3,2024-08-29,28555,77,2185
Transfer_Line1/Line3,2024-08-30,22172,63,1718
Transfer_Line1/Line3,2024-08-31,18611,59,1486
Transfer_Line1/Line3,2024-09-01,24208,69,1788
Transfer_Line1/Line3,2024-09-02,27677,78,2072
Transfer_Line1/Line3,2024-09-03,28862,92,2163
Transfer_Line1/Line3,2024-09-04,25366,77,1956
Transfer_Line1/Line3,2024-09-05,19173,58,1656
Transfer_Line1/Line3,2024-09-06,17196,56,1323
Transfer_Line1/Line3,2024-09-07,18835,61,1379
Transfer_Line1/Line3,2024-09-08,16832,67,1231
Transfer_Line1/Line3,2024-09-09,25027,74,1889
Transfer_Line1/Line3,2024-09-10,25489,82,1926
Transfer_Line1/Line3,2024-09-11,17884,69,1339
Transfer_Line1/Line3,2024-09-12,22068,58,1560
Transfer_Line1/Line3,2024-09-13,18530,59,1412
Transfer_Line1/Line3,2024-09-14,30208,71,2226
Transfer_Line1/Line3,2024-09-15,7723,26,577
Transfer_Line1/Line3,2024-09-16,24673,90,1913
Transfer_Line1/Line3,2024-09-17,38679,104,2947
Transfer_Line1/Line3,2024-09-18,35916,119,2843
Transfer_Line1/Line3,2024-09-19,34030,100,2695
Transfer_Line1/Line3,2024-09-20,20663,61,1526
Transfer_Line1/Line3,2024-09-21,21365,62,1661
Transfer_Line1/Line3,2024-09-22,16447,49,1270
Transfer_Line1/Line3,2024-09-23,39771,108,2849
Transfer_Line1/Line3,2024-09-24,29287,93,2159
Transfer_Line1/Line3,2024-09-25,31310,95,2418
Transfer_Line1/Line3,2024-09-26,28320,90,2039
Transfer_Line1/Line3,2024-09-27,18424,59,1494
Transfer_Line1/Line3,2024-09-28,23034,58,1665
Transfer_Line1/Line3,2024-09-29,17836,42,1300
Transfer_Line1/Line3,2024-09-30,27417,98,2271
Transfer_Line1/Line3,2024-10-01,26505,103,2150
Transfer_Line1/Line3,2024-10-02,41579,103,3167
Transfer_Line1/Line3,2024-10-03,31923,93,2432
Transfer_Line1/Line3,2024-10-04,13218,47,916
Transfer_Line1/Line3,2024-10-05,18736,51,1433
Transfer_Line1/Line3,2024-10-06,21698,70,1581
Transfer_Line1/Line3,2024-10-07,30430,98,2403
Transfer_Line1/Line3,2024-10-08,35197,96,2643
Transfer_Line1/Line3,2024-10-09,34231,95,2799
Transfer_Line1/Line3,2024-10-10,34359,105,2598
Transfer_Line1/Line3,2024-10-11,22454,48,1652
Transfer_Line1/Line3,2024-10-12,22519,54,1650
Transfer_Line1/Line3,2024-10-13,21155,52,1588
Transfer_Line1/Line3,2024-10-14,27568,98,2047
Transfer_Line1/Line3,2024-10-15,35918,103,2926
Transfer_Line1/Line3,2024-10-16,36789,97,2755
Transfer_Line1/Line3,2024-10-17,25907,84,2027
Transfer_Line1/Line3,2024-10-18,16385,53,1221
Transfer_Line1/Line3,2024-10-19,18444,52,1373
Transfer_Line1/Line3,2024-10-20,20867,51,1611
Transfer_Line1/Line3,2024-10-21,26973,101,2034
Transfer_Line1/Line3,2024-10-22,22882,78,1763
Transfer_Line1/Line3,2024-10-23,38345,100,2901
Transfer_Line1/Line3,2024-10-24,29493,90,2213
Transfer_Line1/Line3,2024-10-25,18015,48,1508
Transfer_Line1/Line3,2024-10-26,20786,53,1544
Transfer_Line1/Line3,2024-10-27,16139,61,1249
Transfer_Line1/Line3,2024-10-28,20451,72,1560
Transfer_Line1/Line3,2024-10-29,27942,75,2038
Transfer_Line1/Line3,2024-10-30,20789,70,1527
Transfer_Line1/Line3,2024-10-31,24806,78,1867
Transfer_Line1/Line3,2024-11-01,23081,64,1822
Transfer_Line1/Line3,2024-11-02,26779,54,1988
Transfer_Line1/Line3,2024-11-03,19645,57,1557
Transfer_Line1/Line3,2024-11-04,36228,96,2688
Transfer_Line1/Line3,2024-11-05,31865,73,2495
Transfer_Line1/Line3,2024-11-06,31706,86,2395
Transfer_Line1/Line3,2024-11-07,41105,126,3109
Transfer_Line1/Line3,2024-11-08,23114,65,1662
Transfer_Line1/Line3,2024-11-09,17453,55,1326
Transfer_Line1/Line3,2024-11-10,17842,52,1303
Transfer_Line1/Line3,2024-11-11,28302,95,2148
Transfer_Line1/Line3,2024-11-12,36496,104,2750
Transfer_Line1/Line3,2024-11-13,31600,89,2349
Transfer_Line1/Line3,2024-11-14,42173,117,3225
Transfer_Line1/Line3,2024-11-15,21916,69,1664
Transfer_Line1/Line3,2024-11-16,30470,67,2316
Transfer_Line1/Line3,2024-11-17,23004,63,1669
Transfer_Line1/Line3,2024-11-18,31457,89,2214
Transfer_Line1/Line3,2024-11-19,34579,93,2433
Transfer_Line1/Line3,2024-11-20,30188,93,2291
Transfer_Line1/Line3,2024-11-21,38903,110,2915
Transfer_Line1/Line3,2024-11-22,18952,48,1328
Transfer_Line1/Line3,2024-11-23,15811,45,1169
Transfer_Line1/Line3,2024-11-24,19229,61,1439
Transfer_Line1/Line3,2024-11-25,31069,95,2198
Transfer_Line1/Line3,2024-11-26,32117,92,2452
Transfer_Line1/Line3,2024-11-27,24216,84,1806
Transfer_Line1/Line3,2024-11-28,35990,99,2584
Transfer_Line1/Line3,2024-11-29,34470,79,2525
Transfer_Line1/Line3,2024-11-30,23303,59,1664
Transfer_Line1/Line3,2024-12-01,15409,46,1153
Transfer_Line1/Line3,2024-12-02,33200,97,2544
Transfer_Line1/Line3,2024-12-03,27222,74,2037
Transfer_Line1/Line3,2024-12-04,36220,91,2657
Transfer_Line1/Line3,2024-12-05,28919,88,2226
Transfer_Line1/Line3,2024-12-06,22227,56,1695
Transfer_Line1/Line3,2024-12-07,23520,62,1713
Transfer_Line1/Line3,2024-12-08,10595,38,805
Transfer_Line1/Line3,2024-12-09,26340,79,1923
Transfer_Line1/Line3,2024-12-10,24599,81,1961
Transfer_Line1/Line3,2024-12-11,34572,88,2514
Transfer_Line1/Line3,2024-12-12,40175,93,2949
Transfer_Line1/Line3,2024-12-13,19346,54,1419
Transfer_Line1/Line3,2024-12-14,17119,54,1363
Transfer_Line1/Line3,2024-12-15,16263,45,1211
Transfer_Line1/Line3,2024-12-16,43964,105,3397
Transfer_Line1/Line3,2024-12-17,38943,105,2976
Transfer_Line1/Line3,2024-12-18,37863,99,2871
Transfer_Line1/Line3,2024-12-19,28043,92,2242
Transfer_Line1/Line3,2024-12-20,15878,47,1160
Transfer_Line1/Line3,2024-12-21,23357,61,1637
Transfer_Line1/Line3,2024-12-22,17729,48,1206
Transfer_Line1/Line3,2024-12-23,32661,89,2469
Transfer_Line1/Line3,2024-12-24,31656,96,2421
Transfer_Line1/Line3,2024-12-25,29993,99,2251
Transfer_Line1/Line3,2024-12-26,23957,79,1843
Transfer_Line1/Line3,2024-12-27,19427,60,1443
Transfer_Line1/Line3,2024-12-28,14204,52,1054
Transfer_Line1/Line3,2024-12-29,20471,59,1633
Transfer_Line1/Line3,2024-12-30,29813,90,2131
Transfer_Line1/Line3,2024-12-31,29878,96,2265
Transfer_Line2/Line3,2024-01-01,8831,25,675
Transfer_Line2/Line3,2024-01-02,32008,97,2321
Transfer_Line2/Line3,2024-01-03,32323,99,2428
Transfer_Line2/Line3,2024-01-04,33732,96,2520
Transfer_Line2/Line3,2024-01-05,24854,65,1817
Transfer_Line2/Line3,2024-01-06,24276,58,2001
Transfer_Line2/Line3,2024-01-07,7842,28,631
Transfer_Line2/Line3,2024-01-08,29550,96,2280
Transfer_Line2/Line3,2024-01-09,35657,104,2618
Transfer_Line2/Line3,2024-01-10,32709,85,2453
Transfer_Line2/Line3,2024-01-11,33556,100,2460
Transfer_Line2/Line3,2024-01-12,17585,50,1330
Transfer_Line2/Line3,2024-01-13,23416,66,1689
Transfer_Line2/Line3,2024-01-14,20222,48,1573
Transfer_Line2/Line3,2024-01-15,21844,68,1626
Transfer_Line2/Line3,2024-01-16,26144,77,2048
Transfer_Line2/Line3,2024-01-17,22925,67,1691
Transfer_Line2/Line3,2024-01-18,20324,69,1512
Transfer_Line2/Line3,2024-01-19,22708,65,1661
Transfer_Line2/Line3,2024-01-20,21640,75,1644
Transfer_Line2/Line3,2024-01-21,15416,61,1248
Transfer_Line2/Line3,2024-01-22,17547,70,1303
Transfer_Line2/Line3,2024-01-23,25735,73,1954
Transfer_Line2/Line3,2024-01-24,24568,72,1789
Transfer_Line2/Line3,2024-01-25,10197,28,840
Transfer_Line2/Line3,2024-01-26,18055,59,1371
Transfer_Line2/Line3,2024-01-27,19046,67,1521
Transfer_Line2/Line3,2024-01-28,19323,61,1539
Transfer_Line2/Line3,2024-01-29,21217,63,1607
Transfer_Line2/Line3,2024-01-30,23706,70,1769
Transfer_Line2/Line3,2024-01-31,23106,56,1713
Transfer_Line2/Line3,2024-02-01,21944,62,1685
Transfer_Line2/Line3,2024-02-02,23820,79,1846
Transfer_Line2/Line3,2024-02-03,23004,58,1681
Transfer_Line2/Line3,2024-02-04,21083,65,1641
Transfer_Line2/Line3,2024-02-05,15664,62,1183
Transfer_Line2/Line3,2024-02-06,22104,67,1635
Transfer_Line2/Line3,2024-02-07,24848,66,1882
Transfer_Line2/Line3,2024-02-08,20464,62,1523
Transfer_Line2/Line3,2024-02-09,25958,66,2018
Transfer_Line2/Line3,2024-02-10,18358,67,1369
Transfer_Line2/Line3,2024-02-11,22073,64,1693
Transfer_Line2/Line3,2024-02-12,31287,102,2426
Transfer_Line2/Line3,2024-02-13,30459,92,2284
Transfer_Line2/Line3,2024-02-14,28843,77,2273
Transfer_Line2/Line3,2024-02-15,28094,81,2097
Transfer_Line2/Line3,2024-02-16,19803,62,1484
Transfer_Line2/Line3,2024-02-17,16944,51,1271
Transfer_Line2/Line3,2024-02-18,22871,61,1682
Transfer_Line2/Line3,2024-02-19,43746,101,3239
Transfer_Line2/Line3,2024-02-20,28891,87,2174
Transfer_Line2/Line3,2024-02-21,25852,95,1979
Transfer_Line2/Line3,2024-02-22,41388,118,3255
Transfer_Line2/Line3,2024-02-23,17631,55,1345
Transfer_Line2/Line3,2024-02-24,14001,48,982
Transfer_Line2/Line3,2024-02-25,16672,52,1342
Transfer_Line2/Line3,2024-02-26,32317,92,2518
Transfer_Line2/Line3,2024-02-27,27491,91,2126
Transfer_Line2/Line3,2024-02-28,33170,112,2543
Transfer_Line2/Line3,2024-02-29,35838,92,2639
Transfer_Line2/Line3,2024-03-01,14427,53,1073
Transfer_Line2/Line3,2024-03-02,13006,50,999
Transfer_Line2/Line3,2024-03-03,23375,64,1831
Transfer_Line2/Line3,2024-03-04,33362,90,2407
Transfer_Line2/Line3,2024-03-05,36188,96,2988
Transfer_Line2/Line3,2024-03-06,30331,94,2191
Transfer_Line2/Line3,2024-03-07,35052,97,2583
Transfer_Line2/Line3,2024-03-08,20422,48,1507
Transfer_Line2/Line3,2024-03-09,27042,61,1964
Transfer_Line2/Line3,2024-03-10,16693,59,1329
Transfer_Line2/Line3,2024-03-11,23619,74,1716
Transfer_Line2/Line3,2024-03-12,34733,94,2598
Transfer_Line2/Line3,2024-03-13,28997,84,2108
Transfer_Line2/Line3,2024-03-14,41569,95,3115
Transfer_Line2/Line3,2024-03-15,22253,65,1691
Transfer_Line2/Line3,2024-03-16,21153,56,1594
Transfer_Line2/Line3,2024-03-17,21555,47,1551
Transfer_Line2/Line3,2024-03-18,30542,95,2337
Transfer_Line2/Line3,2024-03-19,33242,86,2470
Transfer_Line2/Line3,2024-03-20,26011,81,1949
Transfer_Line2/Line3,2024-03-21,34422,105,2744
Transfer_Line2/Line3,2024-03-22,20283,62,1494
Transfer_Line2/Line3,2024-03-23,21564,56,1711
Transfer_Line2/Line3,2024-03-24,15292,49,1147
Transfer_Line2/Line3,2024-03-25,34290,97,2487
Transfer_Line2/Line3,2024-03-26,39926,98,2841
Transfer_Line2/Line3,2024-03-27,33465,101,2491
Transfer_Line2/Line3,2024-03-28,45141,109,3451
Transfer_Line2/Line3,2024-03-29,19769,59,1511
Transfer_Line2/Line3,2024-03-30,25183,62,1815
Transfer_Line2/Line3,2024-03-31,18652,55,1398
Transfer_Line2/Line3,2024-04-01,27273,83,2027
Transfer_Line2/Line3,2024-04-02,31225,90,2488
Transfer_Line2/Line3,2024-04-03,33711,93,2623
Transfer_Line2/Line3,2024-04-04,39121,98,2900
Transfer_Line2/Line3,2024-04-05,18592,55,1417
Transfer_Line2/Line3,2024-04-06,18571,58,1423
Transfer_Line2/Line3,2024-04-07,17646,56,1296
Transfer_Line2/Line3,2024-04-08,24957,84,1905
Transfer_Line2/Line3,2024-04-09,16002,39,1191
Transfer_Line2/Line3,2024-04-10,5734,21,433
Transfer_Line2/Line3,2024-04-11,14551,34,995
Transfer_Line2/Line3,2024-04-12,16245,53,1240
Transfer_Line2/Line3,2024-04-13,19778,53,1471
Transfer_Line2/Line3,2024-04-14,14159,49,1114
Transfer_Line2/Line3,2024-04-15,29801,96,2318
Transfer_Line2/Line3,2024-04-16,24714,79,1863
Transfer_Line2/Line3,2024-04-17,26992,78,2029
Transfer_Line2/Line3,2024-04-18,28093,90,2190
Transfer_Line2/Line3,2024-04-19,15382,54,1168
Transfer_Line2/Line3,2024-04-20,24407,60,1816
Transfer_Line2/Line3,2024-04-21,24447,64,1831
Transfer_Line2/Line3,2024-04-22,27222,92,2122
Transfer_Line2/Line3,2024-04-23,38742,103,3073
Transfer_Line2/Line3,2024-04-24,29550,86,2344
Transfer_Line2/Line3,2024-04-25,4809,23,367
Transfer_Line2/Line3,2024-04-26,23553,66,1847
Transfer_Line2/Line3,2024-04-27,19550,58,1501
Transfer_Line2/Line3,2024-04-28,23508,65,1774
Transfer_Line2/Line3,2024-04-29,38563,110,2908
Transfer_Line2/Line3,2024-04-30,29072,85,2202
Transfer_Line2/Line3,2024-05-01,14025,28,986
Transfer_Line2/Line3,2024-05-02,30640,100,2275
Transfer_Line2/Line3,2024-05-03,20857,60,1462
Transfer_Line2/Line3,2024-05-04,21428,63,1674
Transfer_Line2/Line3,2024-05-05,7288,29,553
Transfer_Line2/Line3,2024-05-06,9254,25,685
Transfer_Line2/Line3,2024-05-07,27130,88,2076
Transfer_Line2/Line3,2024-05-08,23927,80,1823
Transfer_Line2/Line3,2024-05-09,31494,85,2357
Transfer_Line2/Line3,2024-05-10,23751,59,1841
Transfer_Line2/Line3,2024-05-11,17794,53,1362
Transfer_Line2/Line3,2024-05-12,21926,64,1707
Transfer_Line2/Line3,2024-05-13,24788,76,1781
Transfer_Line2/Line3,2024-05-14,39939,120,2977
Transfer_Line2/Line3,2024-05-15,32938,99,2417
Transfer_Line2/Line3,2024-05-16,31913,83,2294
Transfer_Line2/Line3,2024-05-17,17159,64,1396
Transfer_Line2/Line3,2024-05-18,23341,54,1811
Transfer_Line2/Line3,2024-05-19,22563,58,1682
Transfer_Line2/Line3,2024-05-20,35550,102,2677
Transfer_Line2/Line3,2024-05-21,25900,90,1916
Transfer_Line2/Line3,2024-05-22,35697,96,2712
Transfer_Line2/Line3,2024-05-23,34479,95,2655
Transfer_Line2/Line3,2024-05-24,17051,53,1343
Transfer_Line2/Line3,2024-05-25,18878,52,1368
Transfer_Line2/Line3,2024-05-26,21280,59,1625
Transfer_Line2/Line3,2024-05-27,38446,96,2756
Transfer_Line2/Line3,2024-05-28,29138,88,2180
Transfer_Line2/Line3,2024-05-29,31725,93,2379
Transfer_Line2/Line3,2024-05-30,32591,93,2467
Transfer_Line2/Line3,2024-05-31,23673,58,1742
Transfer_Line2/Line3,2024-06-01,23785,71,1866
Transfer_Line2/Line3,2024-06-02,17412,60,1293
Transfer_Line2/Line3,2024-06-03,20691,62,1524
Transfer_Line2/Line3,2024-06-04,30519,78,2227
Transfer_Line2/Line3,2024-06-05,33274,72,2585
Transfer_Line2/Line3,2024-06-06,19665,58,1316
Transfer_Line2/Line3,2024-06-07,17782,56,1369
Transfer_Line2/Line3,2024-06-08,20132,60,1548
Transfer_Line2/Line3,2024-06-09,20227,65,1396
Transfer_Line2/Line3,2024-06-10,24848,64,1932
Transfer_Line2/Line3,2024-06-11,22979,67,1849
Transfer_Line2/Line3,2024-06-12,20764,62,1705
Transfer_Line2/Line3,2024-06-13,24440,65,1698
Transfer_Line2/Line3,2024-06-14,35324,80,2455
Transfer_Line2/Line3,2024-06-15,12194,28,939
Transfer_Line2/Line3,2024-06-16,8429,31,614
Transfer_Line2/Line3,2024-06-17,8388,23,626
Transfer_Line2/Line3,2024-06-18,12585,34,922
Transfer_Line2/Line3,2024-06-19,8557,29,648
Transfer_Line2/Line3,2024-06-20,19609,52,1462
Transfer_Line2/Line3,2024-06-21,14717,53,1064
Transfer_Line2/Line3,2024-06-22,29769,70,2191
Transfer_Line2/Line3,2024-06-23,20196,58,1664
Transfer_Line2/Line3,2024-06-24,23591,67,1827
Transfer_Line2/Line3,2024-06-25,23317,67,1763
Transfer_Line2/Line3,2024-06-26,22849,70,1724
Transfer_Line2/Line3,2024-06-27,35887,64,2605
Transfer_Line2/Line3,2024-06-28,24469,58,1865
Transfer_Line2/Line3,2024-06-29,22054,70,1681
Transfer_Line2/Line3,2024-06-30,15729,61,1167
Transfer_Line2/Line3,2024-07-01,20830,57,1540
Transfer_Line2/Line3,2024-07-02,21975,73,1664
Transfer_Line2/Line3,2024-07-03,16449,64,1199
Transfer_Line2/Line3,2024-07-04,23266,66,1778
Transfer_Line2/Line3,2024-07-05,24097,68,1919
Transfer_Line2/Line3,2024-07-06,20650,63,1545
Transfer_Line2/Line3,2024-07-07,7595,26,607
Transfer_Line2/Line3,2024-07-08,15901,60,1232
Transfer_Line2/Line3,2024-07-09,23539,60,1611
Transfer_Line2/Line3,2024-07-10,26885,79,2054
Transfer_Line2/Line3,2024-07-11,23682,71,1737
Transfer_Line2/Line3,2024-07-12,26379,69,2072
Transfer_Line2/Line3,2024-07-13,18995,56,1351
Transfer_Line2/Line3,2024-07-14,21840,51,1579
Transfer_Line2/Line3,2024-07-15,24930,77,1952
Transfer_Line2/Line3,2024-07-16,20279,64,1569
Transfer_Line2/Line3,2024-07-17,26878,77,1985
Transfer_Line2/Line3,2024-07-18,26096,78,1915
Transfer_Line2/Line3,2024-07-19,28211,76,2296
Transfer_Line2/Line3,2024-07-20,21083,64,1630
Transfer_Line2/Line3,2024-07-21,15936,57,1302
Transfer_Line2/Line3,2024-07-22,21428,55,1575
Transfer_Line2/Line3,2024-07-23,12190,31,881
Transfer_Line2/Line3,2024-07-24,26131,82,2004
Transfer_Line2/Line3,2024-07-25,27962,84,2173
Transfer_Line2/Line3,2024-07-26,36402,72,2663
Transfer_Line2/Line3,2024-07-27,23242,68,1648
Transfer_Line2/Line3,2024-07-28,26076,70,1961
Transfer_Line2/Line3,2024-07-29,23515,65,1726
Transfer_Line2/Line3,2024-07-30,25917,63,1951
Transfer_Line2/Line3,2024-07-31,27223,62,2003
Transfer_Line2/Line3,2024-08-01,16090,51,1232
Transfer_Line2/Line3,2024-08-02,27803,69,2108
Transfer_Line2/Line3,2024-08-03,28212,67,1944
Transfer_Line2/Line3,2024-08-04,18498,61,1322
Transfer_Line2/Line3,2024-08-05,17407,59,1347
Transfer_Line2/Line3,2024-08-06,18717,60,1381
Transfer_Line2/Line3,2024-08-07,21352,61,1578
Transfer_Line2/Line3,2024-08-08,18325,62,1345
Transfer_Line2/Line3,2024-08-09,19306,67,1549
Transfer_Line2/Line3,2024-08-10,24188,59,1789
Transfer_Line2/Line3,2024-08-11,22462,60,1638
Transfer_Line2/Line3,2024-08-12,25079,57,1856
Transfer_Line2/Line3,2024-08-13,17222,59,1325
Transfer_Line2/Line3,2024-08-14,34016,84,2501
Transfer_Line2/Line3,2024-08-15,25758,84,1975
Transfer_Line2/Line3,2024-08-16,18247,57,1489
Transfer_Line2/Line3,2024-08-17,29975,66,2142
Transfer_Line2/Line3,2024-08-18,23003,59,1706
Transfer_Line2/Line3,2024-08-19,19175,59,1427
Transfer_Line2/Line3,2024-08-20,18781,59,1434
Transfer_Line2/Line3,2024-08-21,25988,79,1955
Transfer_Line2/Line3,2024-08-22,22351,63,1797
Transfer_Line2/Line3,2024-08-23,22547,62,1680
Transfer_Line2/Line3,2024-08-24,19559,66,1403
Transfer_Line2/Line3,2024-08-25,20027,64,1559
Transfer_Line2/Line3,2024-08-26,31439,75,2270
Transfer_Line2/Line3,2024-08-27,19283,73,1517
Transfer_Line2/Line3,2024-08-28,27512,66,2087
Transfer_Line2/Line3,2024-08-29,21712,60,1735
Transfer_Line2/Line3,2024-08-30,24024,66,1811
Transfer_Line2/Line3,2024-08-31,25220,73,1911
Transfer_Line2/Line3,2024-09-01,32749,84,2568
Transfer_Line2/Line3,2024-09-02,22632,67,1689
Transfer_Line2/Line3,2024-09-03,20904,63,1568
Transfer_Line2/Line3,2024-09-04,21693,63,1636
Transfer_Line2/Line3,2024-09-05,20273,54,1560
Transfer_Line2/Line3,2024-09-06,25761,80,1905
Transfer_Line2/Line3,2024-09-07,22600,73,1762
Transfer_Line2/Line3,2024-09-08,24217,70,1811
Transfer_Line2/Line3,2024-09-09,15017,52,1135
Transfer_Line2/Line3,2024-09-10,22170,68,1667
Transfer_Line2/Line3,2024-09-11,23187,61,1701
Transfer_Line2/Line3,2024-09-12,15031,55,1241
Transfer_Line2/Line3,2024-09-13,23551,59,1683
Transfer_Line2/Line3,2024-09-14,19839,67,1543
Transfer_Line2/Line3,2024-09-15,7754,28,623
Transfer_Line2/Line3,2024-09-16,28153,102,2142
Transfer_Line2/Line3,2024-09-17,25445,83,1955
Transfer_Line2/Line3,2024-09-18,36878,108,2767
Transfer_Line2/Line3,2024-09-19,34522,109,2540
Transfer_Line2/Line3,2024-09-20,18057,57,1434
Transfer_Line2/Line3,2024-09-21,20548,59,1476
Transfer_Line2/Line3,2024-09-22,17913,53,1327
Transfer_Line2/Line3,2024-09-23,32158,94,2529
Transfer_Line2/Line3,2024-09-24,23781,96,1933
Transfer_Line2/Line3,2024-09-25,32376,102,2419
Transfer_Line2/Line3,2024-09-26,37230,103,2884
Transfer_Line2/Line3,2024-09-27,17374,57,1319
Transfer_Line2/Line3,2024-09-28,26479,76,1982
Transfer_Line2/Line3,2024-09-29,15470,67,1181
Transfer_Line2/Line3,2024-09-30,29438,93,2268
Transfer_Line2/Line3,2024-10-01,41351,110,3026
Transfer_Line2/Line3,2024-10-02,39014,96,2901
Transfer_Line2/Line3,2024-10-03,34227,100,2682
Transfer_Line2/Line3,2024-10-04,17445,56,1368
Transfer_Line2/Line3,2024-10-05,18512,55,1400
Transfer_Line2/Line3,2024-10-06,21951,66,1741
Transfer_Line2/Line3,2024-10-07,29452,91,2294
Transfer_Line2/Line3,2024-10-08,34014,97,2659
Transfer_Line2/Line3,2024-10-09,29000,89,2140
Transfer_Line2/Line3,2024-10-10,38429,86,2747
Transfer_Line2/Line3,2024-10-11,20549,64,1588
Transfer_Line2/Line3,2024-10-12,18116,45,1395
Transfer_Line2/Line3,2024-10-13,19503,59,1380
Transfer_Line2/Line3,2024-10-14,32730,100,2442
Transfer_Line2/Line3,2024-10-15,27259,79,2016
Transfer_Line2/Line3,2024-10-16,31051,96,2380
Transfer_Line2/Line3,2024-10-17,37958,106,2945
Transfer_Line2/Line3,2024-10-18,16212,51,1247
Transfer_Line2/Line3,2024-10-19,13421,59,1011
Transfer_Line2/Line3,2024-10-20,19313,58,1478
Transfer_Line2/Line3,2024-10-21,31588,98,2308
Transfer_Line2/Line3,2024-10-22,23551,82,1875
Transfer_Line2/Line3,2024-10-23,36127,91,2614
Transfer_Line2/Line3,2024-10-24,24582,79,1937
Transfer_Line2/Line3,2024-10-25,21629,58,1656
Transfer_Line2/Line3,2024-10-26,23895,58,1699
Transfer_Line2/Line3,2024-10-27,17988,56,1321
Transfer_Line2/Line3,2024-10-28,42624,94,3182
Transfer_Line2/Line3,2024-10-29,34586,87,2565
Transfer_Line2/Line3,2024-10-30,37440,98,2687
Transfer_Line2/Line3,2024-10-31,35908,93,2783
Transfer_Line2/Line3,2024-11-01,17531,55,1357
Transfer_Line2/Line3,2024-11-02,17458,50,1267
Transfer_Line2/Line3,2024-11-03,19068,57,1418
Transfer_Line2/Line3,2024-11-04,29235,86,2311
Transfer_Line2/Line3,2024-11-05,35632,98,2452
Transfer_Line2/Line3,2024-11-06,31338,90,2405
Transfer_Line2/Line3,2024-11-07,19574,78,1466
Transfer_Line2/Line3,2024-11-08,15837,52,1229
Transfer_Line2/Line3,2024-11-09,20258,61,1649
Transfer_Line2/Line3,2024-11-10,17128,52,1384
Transfer_Line2/Line3,2024-11-11,32173,98,2477
Transfer_Line2/Line3,2024-11-12,27014,87,1848
Transfer_Line2/Line3,2024-11-13,19849,68,1498
Transfer_Line2/Line3,2024-11-14,27053,81,2076
Transfer_Line2/Line3,2024-11-15,18687,47,1353
Transfer_Line2/Line3,2024-11-16,11830,47,944
Transfer_Line2/Line3,2024-11-17,18020,49,1326
Transfer_Line2/Line3,2024-11-18,28668,94,2119
Transfer_Line2/Line3,2024-11-19,26152,72,2050
Transfer_Line2/Line3,2024-11-20,33485,95,2438
Transfer_Line2/Line3,2024-11-21,31519,86,2317
Transfer_Line2/Line3,2024-11-22,18885,60,1427
Transfer_Line2/Line3,2024-11-23,19074,59,1391
Transfer_Line2/Line3,2024-11-24,19993,43,1402
Transfer_Line2/Line3,2024-11-25,39089,115,2895
Transfer_Line2/Line3,2024-11-26,36938,106,2720
Transfer_Line2/Line3,2024-11-27,29005,91,2147
Transfer_Line2/Line3,2024-11-28,28888,93,2222
Transfer_Line2/Line3,2024-11-29,23337,56,1788
Transfer_Line2/Line3,2024-11-30,15251,60,1186
Transfer_Line2/Line3,2024-12-01,17464,40,1252
Transfer_Line2/Line3,2024-12-02,27504,86,2136
Transfer_Line2/Line3,2024-12-03,40398,107,2988
Transfer_Line2/Line3,2024-12-04,27685,88,2054
Transfer_Line2/Line3,2024-12-05,29160,94,2261
Transfer_Line2/Line3,2024-12-06,18083,40,1375
Transfer_Line2/Line3,2024-12-07,17510,48,1320
Transfer_Line2/Line3,2024-12-08,18459,52,1379
Transfer_Line2/Line3,2024-12-09,32576,88,2500
Transfer_Line2/Line3,2024-12-10,23595,78,1769
Transfer_Line2/Line3,2024-12-11,25801,82,1990
Transfer_Line2/Line3,2024-12-12,27036,84,1933
Transfer_Line2/Line3,2024-12-13,18801,45,1346
Transfer_Line2/Line3,2024-12-14,20534,57,1519
Transfer_Line2/Line3,2024-12-15,19089,54,1392
Transfer_Line2/Line3,2024-12-16,33293,86,2463
Transfer_Line2/Line3,2024-12-17,35899,110,2648
Transfer_Line2/Line3,2024-12-18,38726,104,2861
Transfer_Line2/Line3,2024-12-19,30344,89,2293
Transfer_Line2/Line3,2024-12-20,19412,51,1434
Transfer_Line2/Line3,2024-12-21,15803,52,1238
Transfer_Line2/Line3,2024-12-22,18255,56,1313
Transfer_Line2/Line3,2024-12-23,31207,86,2427
Transfer_Line2/Line3,2024-12-24,34791,94,2743
Transfer_Line2/Line3,2024-12-25,41243,112,3021
Transfer_Line2/Line3,2024-12-26,30718,81,2488
Transfer_Line2/Line3,2024-12-27,22626,57,1700
Transfer_Line2/Line3,2024-12-28,18904,54,1363
Transfer_Line2/Line3,2024-12-29,18504,64,1447
Transfer_Line2/Line3,2024-12-30,28598,84,2329
Transfer_Line2/Line3,2024-12-31,28000,91,2182
